{"type":"FeatureCollection","features":[
{"type":"Feature","properties":{"provider":"SPN","code":"Del Valle","slug":"del%20valle","elevation":703,"horizontal_datum":"WGS84","vertical_datum":"NGVD29","state":"CA","kind":"PROJECT","nearest_city":"Livermore","public_name":"Del Valle Dam & Reservoir","location_code":13434044,"nidid":"","aliases":{}},
"geometry":{"type":"Point","coordinates":[-121.745,37.614]}},
{"type":"Feature","properties":{"provider":"SPN","code":"Lake Mendocino","slug":"lake%20mendocino","elevation":789.01,"horizontal_datum":"WGS84","vertical_datum":"NGVD29","state":"CA","kind":"PROJECT","nearest_city":"Ukiah","public_name":"Lake Mendocino / Coyote Dam","location_code":3965072044,"nidid":"","aliases":{"NIDID":"CA10201"}},
"geometry":{"type":"Point","coordinates":[-123.18056,39.19806]}},
{"type":"Feature","properties":{"provider":"SPN","code":"Lake Sonoma","slug":"lake%20sonoma","elevation":495.08,"horizontal_datum":"WGS84","vertical_datum":"NGVD29","state":"CA","kind":"PROJECT","nearest_city":"Geyserville","public_name":"Lake Sonoma / Warm Springs Dam","location_code":3982116044,"nidid":"","aliases":{"NID Dam Name":"Warm Springs Dam","NIDID":"CA10303"}},
"geometry":{"type":"Point","coordinates":[-123.01,38.7225]}},
{"type":"Feature","properties":{"provider":"LRL","code":"Barren","slug":"barren","elevation":null,"horizontal_datum":"","vertical_datum":"NGVD29","state":"KY","kind":"PROJECT","nearest_city":"Lucas, KY","public_name":"Barren River Lake Dam","location_code":245109,"nidid":"","aliases":{"NID Dam Name":"BARREN RIVER LAKE DAM","NIDID":"KY03009"}},
"geometry":{"type":"Point","coordinates":[-86.125,36.89667]}},
{"type":"Feature","properties":{"provider":"LRL","code":"Brookville","slug":"brookville","elevation":595.71,"horizontal_datum":"NAD27","vertical_datum":"NGVD29","state":"IN","kind":"PROJECT","nearest_city":"Brookville, IN","public_name":"Brookville Lake Dam","location_code":125109,"nidid":"","aliases":{"NIDID":"IN03017","USGS Station Number":"03276500"}},
"geometry":{"type":"Point","coordinates":[-85.00111,39.44]}},
{"type":"Feature","properties":{"provider":"LRL","code":"Buckhorn","slug":"buckhorn","elevation":757,"horizontal_datum":"NAD27","vertical_datum":"NGVD29","state":"KY","kind":"PROJECT","nearest_city":"Buckhorn, KY","public_name":"Buckhorn Lake","location_code":265109,"nidid":"","aliases":{"NIDID":"KY03027"}},
"geometry":{"type":"Point","coordinates":[-83.46917,37.34028]}},
{"type":"Feature","properties":{"provider":"LRL","code":"CJBrown","slug":"cjbrown","elevation":1009,"horizontal_datum":"NAD27","vertical_datum":"NGVD29","state":"OH","kind":"PROJECT","nearest_city":"New Moorefield, OH","public_name":"C. J. Brown Dam and Reservoir","location_code":215109,"nidid":"","aliases":{"NIDID":"OH00028"}},
"geometry":{"type":"Point","coordinates":[-83.74657,39.94855]}},
{"type":"Feature","properties":{"provider":"LRL","code":"CMHarden","slug":"cmharden","elevation":640,"horizontal_datum":"NAD27","vertical_datum":"NGVD29","state":"IN","kind":"PROJECT","nearest_city":"Hollandsburg, IN","public_name":"C. M. Harden Lake","location_code":1081109,"nidid":"","aliases":{"NIDID":"IN03003"}},
"geometry":{"type":"Point","coordinates":[-87.07167,39.71667]}},
{"type":"Feature","properties":{"provider":"LRL","code":"CaesarCreek","slug":"caesarcreek","elevation":846,"horizontal_datum":"NAD27","vertical_datum":"NGVD29","state":"OH","kind":"PROJECT","nearest_city":"Waynesville, OH","public_name":"Caesar Creek Lake","location_code":1064109,"nidid":"","aliases":{"NIDID":"OH00927"}},
"geometry":{"type":"Point","coordinates":[-84.05389,39.49028]}},
{"type":"Feature","properties":{"provider":"LRL","code":"CaglesMill","slug":"caglesmill","elevation":null,"horizontal_datum":"NAD27","vertical_datum":"NGVD29","state":"IN","kind":"PROJECT","nearest_city":"Putnamville, IN","public_name":"Cagles Mill Lake","location_code":1091109,"nidid":"","aliases":{"NIDID":"IN03002"}},
"geometry":{"type":"Point","coordinates":[-86.91639,39.48667]}},
{"type":"Feature","properties":{"provider":"LRL","code":"CarrCreek","slug":"carrcreek","elevation":1017,"horizontal_datum":"NAD27","vertical_datum":"NGVD29","state":"KY","kind":"PROJECT","nearest_city":"Vicco, KY","public_name":"Carr Creek Lake","location_code":269109,"nidid":"","aliases":{"NIDID":"KY03056"}},
"geometry":{"type":"Point","coordinates":[-83.03335,37.22969]}},
{"type":"Feature","properties":{"provider":"LRL","code":"CaveRun","slug":"caverun","elevation":724,"horizontal_datum":"NAD27","vertical_datum":"NGVD29","state":"KY","kind":"PROJECT","nearest_city":"Salt Lick, KY","public_name":"Cave Run Lake","location_code":217109,"nidid":"","aliases":{"NIDID":"KY03055"}},
"geometry":{"type":"Point","coordinates":[-83.53241,38.11774]}},
{"type":"Feature","properties":{"provider":"LRL","code":"Green","slug":"green","elevation":668,"horizontal_datum":"NAD27","vertical_datum":"NGVD29","state":"KY","kind":"PROJECT","nearest_city":"Cane Valley, KY","public_name":"Green River Lake","location_code":1108109,"nidid":"","aliases":{"NIDID":"KY03007"}},
"geometry":{"type":"Point","coordinates":[-85.33917,37.24611]}},
{"type":"Feature","properties":{"provider":"LRL","code":"JERoush","slug":"jeroush","elevation":737,"horizontal_datum":"NAD27","vertical_datum":"NGVD29","state":"OH","kind":"PROJECT","nearest_city":"Hamlet, OH","public_name":"JE Roush Lake","location_code":1117109,"nidid":"","aliases":{"NIDID":"IN03006"}},
"geometry":{"type":"Point","coordinates":[-85.46864,40.84599]}},
{"type":"Feature","properties":{"provider":"LRL","code":"Mississinewa","slug":"mississinewa","elevation":712,"horizontal_datum":"NAD27","vertical_datum":"NGVD29","state":"IN","kind":"PROJECT","nearest_city":"Peru, IN","public_name":"Mississinewa Lake","location_code":1135109,"nidid":"","aliases":{"NIDID":"IN03004"}},
"geometry":{"type":"Point","coordinates":[-85.95806,40.71667]}},
{"type":"Feature","properties":{"provider":"LRL","code":"Monroe","slug":"monroe","elevation":538,"horizontal_datum":"NAD27","vertical_datum":"NGVD29","state":"IN","kind":"PROJECT","nearest_city":"Harrodsburg, IN","public_name":"Monroe Lake","location_code":1126109,"nidid":"","aliases":{"NIDID":"IN03001"}},
"geometry":{"type":"Point","coordinates":[-86.5125,39.0075]}},
{"type":"Feature","properties":{"provider":"LRL","code":"Nolin","slug":"nolin","elevation":490,"horizontal_datum":"NAD27","vertical_datum":"NGVD29","state":"KY","kind":"PROJECT","nearest_city":"Bee Spring, KY","public_name":"Nolin Lake","location_code":1144109,"nidid":"","aliases":{"NIDID":"KY03011"}},
"geometry":{"type":"Point","coordinates":[-86.24528,37.27667]}},
{"type":"Feature","properties":{"provider":"LRL","code":"Patoka","slug":"patoka","elevation":536,"horizontal_datum":"NAD27","vertical_datum":"NGVD29","state":"IN","kind":"PROJECT","nearest_city":"Cuzco, IN","public_name":"Patoka Lake","location_code":1153109,"nidid":"","aliases":{"NIDID":"IN03018"}},
"geometry":{"type":"Point","coordinates":[-86.70889,38.43417]}},
{"type":"Feature","properties":{"provider":"LRL","code":"Rough","slug":"rough","elevation":470,"horizontal_datum":"NAD27","vertical_datum":"NGVD29","state":"KY","kind":"PROJECT","nearest_city":"McDaniels, KY","public_name":"Rough River Lake","location_code":1162109,"nidid":"","aliases":{"NIDID":"KY03012"}},
"geometry":{"type":"Point","coordinates":[-86.50015,37.61964]}},
{"type":"Feature","properties":{"provider":"LRL","code":"Salamonie","slug":"salamonie","elevation":730,"horizontal_datum":"NAD27","vertical_datum":"NGVD29","state":"IN","kind":"PROJECT","nearest_city":"Wabash, IN","public_name":"Salamonie Lake","location_code":1171109,"nidid":"","aliases":{"NIDID":"IN03005"}},
"geometry":{"type":"Point","coordinates":[-85.67725,40.80718]}},
{"type":"Feature","properties":{"provider":"LRL","code":"Taylorsville","slug":"taylorsville","elevation":466.85,"horizontal_datum":"NAD27","vertical_datum":"NGVD29","state":"KY","kind":"PROJECT","nearest_city":"Taylorsville, KY","public_name":"Taylorsville Lake","location_code":163109,"nidid":"","aliases":{"NIDID":"KY00051","USGS Station Number":"03295890"}},
"geometry":{"type":"Point","coordinates":[-85.30652,38.00357]}},
{"type":"Feature","properties":{"provider":"LRL","code":"WestFork","slug":"westfork","elevation":675,"horizontal_datum":"NAD27","vertical_datum":"NGVD29","state":"OH","kind":"PROJECT","nearest_city":"Cincinnati, OH","public_name":"West Fork of Mill Creek Lake","location_code":1190109,"nidid":"","aliases":{"NIDID":"OH00029"}},
"geometry":{"type":"Point","coordinates":[-84.49456,39.25991]}},
{"type":"Feature","properties":{"provider":"LRL","code":"WHHarsha","slug":"whharsha","elevation":729,"horizontal_datum":"NAD27","vertical_datum":"NGVD29","state":"OH","kind":"PROJECT","nearest_city":"Woodlawn, OH","public_name":"William H. Harsha Lake","location_code":1199109,"nidid":"","aliases":{"NIDID":"OH00929"}},
"geometry":{"type":"Point","coordinates":[-84.15074,39.02214]}},
{"type":"Feature","properties":{"provider":"MVR","code":"CRVI4","slug":"crvi4","elevation":645,"horizontal_datum":"","vertical_datum":"NGVD29","state":"IA","kind":"PROJECT","nearest_city":"Coralville","public_name":"Coralville Lake Reservoir MET Station","location_code":17017,"nidid":"","aliases":{"NIDID":"IA00012","USGS Station Number":"05453510","CWMS Legacy Naming":"CRVI4","CWMS Standard Naming":"CRVI4"}},
"geometry":{"type":"Point","coordinates":[-91.52778,41.72472]}},
{"type":"Feature","properties":{"provider":"MVR","code":"IL04","slug":"il04","elevation":null,"horizontal_datum":"","vertical_datum":"NGVD29","state":"IL","kind":"PROJECT","nearest_city":"Channahon","public_name":"Illinois River Dresden Island LD","location_code":2355017,"nidid":"","aliases":{"NIDID":"IL00002","CWMS Legacy Naming":"IL04","CWMS Standard Naming":"IL04"}},
"geometry":{"type":"Point","coordinates":[-88.28468,41.39758]}},
{"type":"Feature","properties":{"provider":"MVR","code":"IL02","slug":"il02","elevation":null,"horizontal_datum":"","vertical_datum":"NGVD29","state":"IL","kind":"PROJECT","nearest_city":"Lockport","public_name":"Illinois River Lockport LD","location_code":2238017,"nidid":"","aliases":{"NIDID":"IL00007","CWMS Legacy Naming":"IL02","CWMS Standard Naming":"IL02"}},
"geometry":{"type":"Point","coordinates":[-88.07736,41.56721]}},
{"type":"Feature","properties":{"provider":"MVR","code":"IL05","slug":"il05","elevation":null,"horizontal_datum":"","vertical_datum":"NGVD29","state":"IL","kind":"PROJECT","nearest_city":"Marseilles","public_name":"Illinois River Marseilles LD","location_code":2193017,"nidid":"","aliases":{"NIDID":"IL00003","CWMS Legacy Naming":"IL05","CWMS Standard Naming":"IL05"}},
"geometry":{"type":"Point","coordinates":[-88.75514,41.3284]}},
{"type":"Feature","properties":{"provider":"MVR","code":"IL08","slug":"il08","elevation":413.5,"horizontal_datum":"","vertical_datum":"NGVD29","state":"IL","kind":"PROJECT","nearest_city":"Beardston","public_name":"Illinois River New La Grange LD","location_code":2243017,"nidid":"","aliases":{"NIDID":"IL01015","CWMS Legacy Naming":"IL08","CWMS Standard Naming":"IL08"}},
"geometry":{"type":"Point","coordinates":[-90.53526,39.93951]}},
{"type":"Feature","properties":{"provider":"MVR","code":"IL01","slug":"il01","elevation":null,"horizontal_datum":"","vertical_datum":"NGVD29","state":"IL","kind":"PROJECT","nearest_city":"Chicago","public_name":"Illinois River OBrien LD","location_code":2307017,"nidid":"","aliases":{"NIDID":"IL01013","CWMS Legacy Naming":"IL01","CWMS Standard Naming":"IL01"}},
"geometry":{"type":"Point","coordinates":[-87.56111,41.65]}},
{"type":"Feature","properties":{"provider":"MVR","code":"IL07","slug":"il07","elevation":null,"horizontal_datum":"","vertical_datum":"NGVD29","state":"IL","kind":"PROJECT","nearest_city":"Peoria","public_name":"Illinois River Peoria LD","location_code":2411017,"nidid":"","aliases":{"NIDID":"IL01014","CWMS Legacy Naming":"IL07","CWMS Standard Naming":"IL07"}},
"geometry":{"type":"Point","coordinates":[-89.62592,40.63057]}},
{"type":"Feature","properties":{"provider":"MVR","code":"IL06","slug":"il06","elevation":null,"horizontal_datum":"","vertical_datum":"NGVD29","state":"IL","kind":"PROJECT","nearest_city":"North Utica","public_name":"Illinois River Starved Rock LD","location_code":2255017,"nidid":"","aliases":{"NIDID":"IL00004","CWMS Legacy Naming":"IL06","CWMS Standard Naming":"IL06"}},
"geometry":{"type":"Point","coordinates":[-88.98741,41.32505]}},
{"type":"Feature","properties":{"provider":"MVR","code":"PELI4","slug":"peli4","elevation":687,"horizontal_datum":"","vertical_datum":"NGVD29","state":"IA","kind":"PROJECT","nearest_city":"Pella","public_name":"Lake Red Rock Pool","location_code":50017,"nidid":"","aliases":{"NIDID":"IA00013","CWMS Legacy Naming":"PELI4","CWMS Standard Naming":"PELI4","USGS Station Number":"05488100"}},
"geometry":{"type":"Point","coordinates":[-92.98062,41.3692]}},
{"type":"Feature","properties":{"provider":"MVR","code":"MI11","slug":"mi11","elevation":588.2,"horizontal_datum":"","vertical_datum":"NGVD29","state":"IA","kind":"PROJECT","nearest_city":"Dubuque","public_name":"Mississippi River LD11","location_code":3430017,"nidid":"","aliases":{"NIDID":"IA00003","CWMS Legacy Naming":"MI11","CWMS Standard Naming":"MI11"}},
"geometry":{"type":"Point","coordinates":[-90.64501,42.53819]}},
{"type":"Feature","properties":{"provider":"MVR","code":"MI12","slug":"mi12","elevation":580.2,"horizontal_datum":"","vertical_datum":"NGVD29","state":"IA","kind":"PROJECT","nearest_city":"Bellevue","public_name":"Mississippi River LD12","location_code":3354017,"nidid":"","aliases":{"NIDID":"IA00004","CWMS Legacy Naming":"MI12","CWMS Standard Naming":"MI12"}},
"geometry":{"type":"Point","coordinates":[-90.42224,42.25922]}},
{"type":"Feature","properties":{"provider":"MVR","code":"MI13","slug":"mi13","elevation":568.7,"horizontal_datum":"","vertical_datum":"NGVD29","state":"IL","kind":"PROJECT","nearest_city":"Fulton","public_name":"Mississippi River LD13","location_code":2296017,"nidid":"","aliases":{"NIDID":"IA00005","CWMS Legacy Naming":"MI13","CWMS Standard Naming":"MI13"}},
"geometry":{"type":"Point","coordinates":[-90.15527,41.89612]}},
{"type":"Feature","properties":{"provider":"MVR","code":"MI14","slug":"mi14","elevation":557.08,"horizontal_datum":"","vertical_datum":"NGVD29","state":"IA","kind":"PROJECT","nearest_city":"LeClaire","public_name":"Mississippi River LD14","location_code":2264017,"nidid":"","aliases":{"NIDID":"IA00006","CWMS Legacy Naming":"MI14","CWMS Standard Naming":"MI14"}},
"geometry":{"type":"Point","coordinates":[-90.40235,41.57378]}},
{"type":"Feature","properties":{"provider":"MVR","code":"MI15","slug":"mi15","elevation":0,"horizontal_datum":"","vertical_datum":"NGVD29","state":"IL","kind":"PROJECT","nearest_city":"Rock Island\n","public_name":"Mississippi River LD15","location_code":2397017,"nidid":"","aliases":{"NIDID":"IA00007","CWMS Legacy Naming":"MI15","CWMS Standard Naming":"MI15"}},
"geometry":{"type":"Point","coordinates":[-90.56625,41.517]}},
{"type":"Feature","properties":{"provider":"MVR","code":"MI16","slug":"mi16","elevation":533.79,"horizontal_datum":"","vertical_datum":"NGVD29","state":"IL","kind":"PROJECT","nearest_city":"Illinois City","public_name":"Mississippi River LD16","location_code":2337017,"nidid":"","aliases":{"NIDID":"IA00008","CWMS Legacy Naming":"MI16","CWMS Standard Naming":"MI16"}},
"geometry":{"type":"Point","coordinates":[-91.01186,41.42457]}},
{"type":"Feature","properties":{"provider":"MVR","code":"MI17","slug":"mi17","elevation":526.57,"horizontal_datum":"","vertical_datum":"NGVD29","state":"IL","kind":"PROJECT","nearest_city":"New Boston","public_name":"Mississippi River LD17","location_code":2204017,"nidid":"","aliases":{"NIDID":"IA00009","CWMS Legacy Naming":"MI17","CWMS Standard Naming":"MI17"}},
"geometry":{"type":"Point","coordinates":[-91.05598,41.19093]}},
{"type":"Feature","properties":{"provider":"MVR","code":"MI18","slug":"mi18","elevation":518.52,"horizontal_datum":"","vertical_datum":"NGVD29","state":"IL","kind":"PROJECT","nearest_city":"Gladstone","public_name":"Mississippi River LD18","location_code":2386017,"nidid":"","aliases":{"NIDID":"IA00010","CWMS Legacy Naming":"MI18","CWMS Standard Naming":"MI18"}},
"geometry":{"type":"Point","coordinates":[-91.02515,40.88062]}},
{"type":"Feature","properties":{"provider":"MVR","code":"MI19","slug":"mi19","elevation":477.83,"horizontal_datum":"","vertical_datum":"NGVD29","state":"IA","kind":"PROJECT","nearest_city":"Keokuk","public_name":"Mississippi River LD19","location_code":2289017,"nidid":"","aliases":{"NIDID":"IL01238","CWMS Legacy Naming":"MI19","CWMS Standard Naming":"MI19"}},
"geometry":{"type":"Point","coordinates":[-91.37654,40.39251]}},
{"type":"Feature","properties":{"provider":"MVR","code":"MI20","slug":"mi20","elevation":468.5,"horizontal_datum":"","vertical_datum":"NGVD29","state":"MO","kind":"PROJECT","nearest_city":"Canton","public_name":"Mississippi River LD20","location_code":2364017,"nidid":"","aliases":{"NIDID":"MO10303","CWMS Legacy Naming":"MI20","CWMS Standard Naming":"MI20"}},
"geometry":{"type":"Point","coordinates":[-91.51502,40.14239]}},
{"type":"Feature","properties":{"provider":"MVR","code":"MI21","slug":"mi21","elevation":457.8,"horizontal_datum":"","vertical_datum":"NGVD29","state":"IL","kind":"PROJECT","nearest_city":"Quincy","public_name":"Mississippi River LD21","location_code":2180017,"nidid":"","aliases":{"NIDID":"MO10304","CWMS Legacy Naming":"MI21","CWMS Standard Naming":"MI21"}},
"geometry":{"type":"Point","coordinates":[-91.4303,39.90224]}},
{"type":"Feature","properties":{"provider":"MVR","code":"MI22","slug":"mi22","elevation":446.1,"horizontal_datum":"","vertical_datum":"","state":"MO","kind":"PROJECT","nearest_city":"Saverton","public_name":"Mississippi River LD22","location_code":2224017,"nidid":"","aliases":{"NIDID":"MO10305","CWMS Legacy Naming":"MI22","CWMS Standard Naming":"MI22"}},
"geometry":{"type":"Point","coordinates":[-91.2482,39.63456]}},
{"type":"Feature","properties":{"provider":"MVR","code":"SAYI4","slug":"sayi4","elevation":915.5,"horizontal_datum":"NAD27","vertical_datum":"NGVD29","state":"IA","kind":"PROJECT","nearest_city":"Johnston","public_name":"Saylorville Lake Reservior Pool  MET Station","location_code":40017,"nidid":"","aliases":{"NIDID":"IA00017","CWMS Legacy Naming":"SAYI4","CWMS Standard Naming":"SAYI4","USGS Station Number":"05481630"}},
"geometry":{"type":"Point","coordinates":[-93.68917,41.70361]}},
{"type":"Feature","properties":{"provider":"SWT","code":"ALTU","slug":"altu","elevation":1500,"horizontal_datum":"WGS84","vertical_datum":"NGVD29","state":"OK","kind":"PROJECT","nearest_city":"Lugert, OK","public_name":"Altus Lake","location_code":2975051,"nidid":"","aliases":{"DCP Platform ID":"CE65442A","CWMS Standard Naming":"ALTU","CWMS Legacy Naming":"ALTU","NIDID":"OK21226","USGS Station Number":"07302500","NWS Handbook 5 ID":"ALTO2"}},
"geometry":{"type":"Point","coordinates":[-99.29639,34.8875]}},
{"type":"Feature","properties":{"provider":"SWT","code":"ARBU","slug":"arbu","elevation":800,"horizontal_datum":"WGS84","vertical_datum":"NGVD29","state":"OK","kind":"PROJECT","nearest_city":"Dougherty, OK","public_name":"Arbuckle Lake","location_code":5186051,"nidid":"","aliases":{"NIDID":"OK02501","CWMS Standard Naming":"ARBU","CWMS Legacy Naming":"ARBU","NWS Handbook 5 ID":"ARBO2","USGS Station Number":"07330300","DCP Platform ID":"CE71E676"}},
"geometry":{"type":"Point","coordinates":[-97.03,34.44444]}},
{"type":"Feature","properties":{"provider":"SWT","code":"ARCA","slug":"arca","elevation":965,"horizontal_datum":"WGS84","vertical_datum":"NGVD29","state":"OK","kind":"PROJECT","nearest_city":"Arcadia, OK","public_name":"Arcadia Lake","location_code":5212051,"nidid":"","aliases":{"NIDID":"OK22178","CWMS Standard Naming":"ARCA","CWMS Legacy Naming":"ARCA","NWS Handbook 5 ID":"ACDO2","USGS Station Number":"07242340","DCP Platform ID":"CE600E32"}},
"geometry":{"type":"Point","coordinates":[-97.36306,35.64833]}},
{"type":"Feature","properties":{"provider":"SWT","code":"BIGH","slug":"bigh","elevation":600,"horizontal_datum":"WGS84","vertical_datum":"NGVD29","state":"KS","kind":"PROJECT","nearest_city":"Cherryvale, KS","public_name":"Big Hill Lake","location_code":1595051,"nidid":"","aliases":{"NIDID":"KS00049","CWMS Standard Naming":"BIGH","CWMS Legacy Naming":"BIGH","NWS Handbook 5 ID":"BIGK1","USGS Station Number":"07170695","DCP Platform ID":"CE53CA52"}},
"geometry":{"type":"Point","coordinates":[-95.47,37.27]}},
{"type":"Feature","properties":{"provider":"SWT","code":"BIRC","slug":"birc","elevation":690,"horizontal_datum":"WGS84","vertical_datum":"NGVD29","state":"OK","kind":"PROJECT","nearest_city":"Barnsdall, OK","public_name":"Birch Lake","location_code":5496051,"nidid":"","aliases":{"NIDID":"OK20508","CWMS Standard Naming":"BIRC","CWMS Legacy Naming":"BIRC","NWS Handbook 5 ID":"BIRO2","USGS Station Number":"07176465","DCP Platform ID":"CE601396"}},
"geometry":{"type":"Point","coordinates":[-96.1625,36.53472]}},
{"type":"Feature","properties":{"provider":"SWT","code":"BROK","slug":"brok","elevation":500,"horizontal_datum":"NAD83","vertical_datum":"NGVD29","state":"OK","kind":"PROJECT","nearest_city":"Broken Bow, OK","public_name":"Broken Bow Lake","location_code":2202051,"nidid":"","aliases":{"NIDID":"OK10307","CWMS Standard Naming":"BROK","CWMS Legacy Naming":"BROK","USGS Station Number":"07338900","DCP Platform ID":"CE611FBE","NWS Handbook 5 ID":"BKDO2"}},
"geometry":{"type":"Point","coordinates":[-94.69444,34.14306]}},
{"type":"Feature","properties":{"provider":"SWT","code":"CANT","slug":"cant","elevation":1575,"horizontal_datum":"WGS84","vertical_datum":"NGVD29","state":"OK","kind":"PROJECT","nearest_city":"Canton, OK","public_name":"Canton Lake","location_code":2270051,"nidid":"","aliases":{"NIDID":"OK10316","CWMS Standard Naming":"CANT","CWMS Legacy Naming":"CANT","NWS Handbook 5 ID":"CNLO2","USGS Station Number":"07238500","DCP Platform ID":"CE61B194"}},
"geometry":{"type":"Point","coordinates":[-98.60139,36.08417]}},
{"type":"Feature","properties":{"provider":"SWT","code":"CHEN","slug":"chen","elevation":1400,"horizontal_datum":"WGS84","vertical_datum":"NGVD29","state":"KS","kind":"PROJECT","nearest_city":"Saint Joe, KS","public_name":"Cheney Lake","location_code":2548051,"nidid":"","aliases":{"NIDID":"KS00017","CWMS Standard Naming":"CHEN","CWMS Legacy Naming":"CHEN","NWS Handbook 5 ID":"CHNK1","USGS Station Number":"07144790","DCP Platform ID":"CE654AF8"}},
"geometry":{"type":"Point","coordinates":[-97.79333,37.72667]}},
{"type":"Feature","properties":{"provider":"SWT","code":"CHOU","slug":"chou","elevation":452.5,"horizontal_datum":"NAD83","vertical_datum":"NGVD29","state":"OK","kind":"PROJECT","nearest_city":"Okay, OK","public_name":"Chouteau LD17","location_code":2761051,"nidid":"","aliases":{"NIDID":"OK10303","CWMS Standard Naming":"CHOU","CWMS Legacy Naming":"CHOU","NWS Handbook 5 ID":"WAGO2","USGS Station Number":"07178660","DCP Platform ID":"CE614FC2"}},
"geometry":{"type":"Point","coordinates":[-95.37046,35.85722]}},
{"type":"Feature","properties":{"provider":"SWT","code":"COPA","slug":"copa","elevation":0,"horizontal_datum":"WGS84","vertical_datum":"NGVD29","state":"OK","kind":"PROJECT","nearest_city":"Copan, OK","public_name":"Copan Lake","location_code":5338051,"nidid":"","aliases":{"NIDID":"OK21489","CWMS Standard Naming":"COPA","CWMS Legacy Naming":"COPA","USGS Station Number":"07174300","DCP Platform ID":"CE54A352","NWS Handbook 5 ID":"CPLO2"}},
"geometry":{"type":"Point","coordinates":[-95.97139,36.88556]}},
{"type":"Feature","properties":{"provider":"SWT","code":"COUN","slug":"coun","elevation":1225,"horizontal_datum":"WGS84","vertical_datum":"NGVD29","state":"KS","kind":"PROJECT","nearest_city":"Council Grove, KS","public_name":"Council Grove Lake","location_code":1936051,"nidid":"","aliases":{"NIDID":"KS00001","CWMS Standard Naming":"COUN","CWMS Legacy Naming":"COUN","NWS Handbook 5 ID":"CNGK1","USGS Station Number":"07179400","DCP Platform ID":"CE5B8DFE"}},
"geometry":{"type":"Point","coordinates":[-96.50694,38.67917]}},
{"type":"Feature","properties":{"provider":"SWT","code":"ELDR","slug":"eldr","elevation":1271.5,"horizontal_datum":"WGS84","vertical_datum":"NGVD29","state":"KS","kind":"PROJECT","nearest_city":"El Dorado, KS","public_name":"El Dorado Lake","location_code":3210051,"nidid":"","aliases":{"NIDID":"KS00027","CWMS Standard Naming":"ELDR","CWMS Legacy Naming":"ELDR","USGS Station Number":"07146622","DCP Platform ID":"CE53ECBE","NWS Handbook 5 ID":"EDRK1"}},
"geometry":{"type":"Point","coordinates":[-96.82222,37.84639]}},
{"type":"Feature","properties":{"provider":"SWT","code":"ELKC","slug":"elkc","elevation":742,"horizontal_datum":"WGS84","vertical_datum":"NGVD29","state":"KS","kind":"PROJECT","nearest_city":"Sycamore, KS","public_name":"Elk City Lake","location_code":5244051,"nidid":"","aliases":{"NIDID":"KS00002","CWMS Standard Naming":"ELKC","CWMS Legacy Naming":"ELKC","NWS Handbook 5 ID":"ECLK1","USGS Station Number":"07170050","DCP Platform ID":"CE60509C"}},
"geometry":{"type":"Point","coordinates":[-95.77694,37.2775]}},
{"type":"Feature","properties":{"provider":"SWT","code":"EUFA","slug":"eufa","elevation":498,"horizontal_datum":"WGS84","vertical_datum":"NGVD29","state":"OK","kind":"PROJECT","nearest_city":"Hoyt, OK","public_name":"Eufaula Lake","location_code":1882051,"nidid":"","aliases":{"NIDID":"OK10308","CWMS Standard Naming":"EUFA","CWMS Legacy Naming":"EUFA","USGS Station Number":"07244800","DCP Platform ID":"CE5485BE","NWS Handbook 5 ID":"EUFO2"}},
"geometry":{"type":"Point","coordinates":[-95.3625,35.30694]}},
{"type":"Feature","properties":{"provider":"SWT","code":"FALL","slug":"fall","elevation":902.5,"horizontal_datum":"WGS84","vertical_datum":"NGVD29","state":"KS","kind":"PROJECT","nearest_city":"Fall River, KS","public_name":"Fall River Lake","location_code":5272051,"nidid":"","aliases":{"NIDID":"KS00003","CWMS Standard Naming":"FALL","CWMS Legacy Naming":"FALL","NWS Handbook 5 ID":"FLLK1","USGS Station Number":"07168000","DCP Platform ID":"CE539A2E"}},
"geometry":{"type":"Point","coordinates":[-96.0775,37.64667]}},
{"type":"Feature","properties":{"provider":"SWT","code":"FOSS","slug":"foss","elevation":1563,"horizontal_datum":"WGS84","vertical_datum":"NGVD29","state":"OK","kind":"PROJECT","nearest_city":"Stafford, OK","public_name":"Foss Lake","location_code":4858051,"nidid":"","aliases":{"NIDID":"OK02503","CWMS Standard Naming":"FOSS","CWMS Legacy Naming":"FOSS","USGS Station Number":"07324300","NWS Handbook 5 ID":"FOSO2","DCP Platform ID":"CE72028A"}},
"geometry":{"type":"Point","coordinates":[-99.17833,35.53833]}},
{"type":"Feature","properties":{"provider":"SWT","code":"FCOB","slug":"fcob","elevation":1279,"horizontal_datum":"WGS84","vertical_datum":"NGVD29","state":"OK","kind":"PROJECT","nearest_city":"Fort Cobb, OK","public_name":"Ft. Cobb Lake","location_code":4798051,"nidid":"","aliases":{"NIDID":"OK02502","CWMS Standard Naming":"FCOB","CWMS Legacy Naming":"FCOB","USGS Station Number":"07325900","NWS Handbook 5 ID":"FTCO2","DCP Platform ID":"CE71DD3E"}},
"geometry":{"type":"Point","coordinates":[-98.46167,35.165]}},
{"type":"Feature","properties":{"provider":"SWT","code":"FGIB","slug":"fgib","elevation":483,"horizontal_datum":"WGS84","vertical_datum":"NGVD29","state":"OK","kind":"PROJECT","nearest_city":"Okay, OK","public_name":"Ft. Gibson Lake","location_code":3690051,"nidid":"","aliases":{"NIDID":"OK10314","CWMS Standard Naming":"FGIB","CWMS Legacy Naming":"FGIB","USGS Station Number":"07193000","DCP Platform ID":"CE61BF46","NWS Handbook 5 ID":"GIBO2"}},
"geometry":{"type":"Point","coordinates":[-95.22861,35.87111]}},
{"type":"Feature","properties":{"provider":"SWT","code":"FSUP","slug":"fsup","elevation":1974.5,"horizontal_datum":"WGS84","vertical_datum":"NGVD29","state":"OK","kind":"PROJECT","nearest_city":"Fort Supply, OK","public_name":"Ft. Supply Lake","location_code":2296051,"nidid":"","aliases":{"NIDID":"OK10318","CWMS Standard Naming":"FSUP","CWMS Legacy Naming":"FSUP","USGS Station Number":"07236500","DCP Platform ID":"CE5B9E88","NWS Handbook 5 ID":"FSLO2"}},
"geometry":{"type":"Point","coordinates":[-99.57111,36.55389]}},
{"type":"Feature","properties":{"provider":"SWT","code":"GSAL","slug":"gsal","elevation":1100.5,"horizontal_datum":"WGS84","vertical_datum":"NGVD29","state":"OK","kind":"PROJECT","nearest_city":"Jet, OK","public_name":"Great Salt Plains Lake","location_code":3812051,"nidid":"","aliases":{"CWMS Legacy Naming":"GSAL","CWMS Standard Naming":"GSAL","NWS Handbook 5 ID":"GSPO2","USGS Station Number":"07150000","DCP Platform ID":"CE53A166","NIDID":"OK10319"}},
"geometry":{"type":"Point","coordinates":[-98.13556,36.74444]}},
{"type":"Feature","properties":{"provider":"SWT","code":"HEYB","slug":"heyb","elevation":718,"horizontal_datum":"WGS84","vertical_datum":"NGVD29","state":"OK","kind":"PROJECT","nearest_city":"Kellyville, OK","public_name":"Heyburn Lake","location_code":5081051,"nidid":"","aliases":{"NIDID":"OK10313","CWMS Standard Naming":"HEYB","CWMS Legacy Naming":"HEYB","NWS Handbook 5 ID":"HEYO2","USGS Station Number":"07165000","DCP Platform ID":"CE606506"}},
"geometry":{"type":"Point","coordinates":[-96.29861,35.94778]}},
{"type":"Feature","properties":{"provider":"SWT","code":"HUGO","slug":"hugo","elevation":351.5,"horizontal_datum":"NAD83","vertical_datum":"NGVD29","state":"OK","kind":"PROJECT","nearest_city":"Sawyer, OK","public_name":"Hugo Lake","location_code":1868051,"nidid":"","aliases":{"CWMS Legacy Naming":"HUGO","CWMS Standard Naming":"HUGO","NWS Handbook 5 ID":"HGLO2","USGS Station Number":"07336600","DCP Platform ID":"CE607670","NIDID":"OK10300"}},
"geometry":{"type":"Point","coordinates":[-95.38028,34.01167]}},
{"type":"Feature","properties":{"provider":"SWT","code":"HULA","slug":"hula","elevation":685.5,"horizontal_datum":"WGS84","vertical_datum":"NGVD29","state":"OK","kind":"PROJECT","nearest_city":"Hulah, OK","public_name":"Hulah Lake","location_code":5316051,"nidid":"","aliases":{"NIDID":"OK10312","CWMS Standard Naming":"HULA","CWMS Legacy Naming":"HULA","NWS Handbook 5 ID":"HULO2","USGS Station Number":"07172500","DCP Platform ID":"CE6078A2"}},
"geometry":{"type":"Point","coordinates":[-96.08833,36.92889]}},
{"type":"Feature","properties":{"provider":"SWT","code":"JOHN","slug":"john","elevation":995,"horizontal_datum":"WGS84","vertical_datum":"NGVD29","state":"KS","kind":"PROJECT","nearest_city":"Burlington, KS","public_name":"John Redmond Lake","location_code":2006051,"nidid":"","aliases":{"NIDID":"KS00004","CWMS Standard Naming":"JOHN","CWMS Legacy Naming":"JOHN","NWS Handbook 5 ID":"JRLK1","USGS Station Number":"07182450","DCP Platform ID":"CE5440A0"}},
"geometry":{"type":"Point","coordinates":[-95.76833,38.23667]}},
{"type":"Feature","properties":{"provider":"SWT","code":"KAWL","slug":"kawl","elevation":1000,"horizontal_datum":"","vertical_datum":"NGVD29","state":"OK","kind":"PROJECT","nearest_city":"Kaw City, OK","public_name":"Kaw Lake","location_code":5294051,"nidid":"","aliases":{"DCP Platform ID":"CE54E058","CWMS Standard Naming":"KAWL","CWMS Legacy Naming":"KAWL","USGS Station Number":"07148130","NWS Handbook 5 ID":"KAWO2","NIDID":"OK20509"}},
"geometry":{"type":"Point","coordinates":[-96.92167,36.69944]}},
{"type":"Feature","properties":{"provider":"SWT","code":"KEYS","slug":"keys","elevation":615.23,"horizontal_datum":"NAD83","vertical_datum":"NGVD29","state":"OK","kind":"PROJECT","nearest_city":"Sand Springs, OK","public_name":"Keystone Lake","location_code":5502051,"nidid":"","aliases":{"NWS Handbook 5 ID":"KEYO2","CWMS Standard Naming":"KEYS","CWMS Legacy Naming":"KEYS","USGS Station Number":"07164200","DCP Platform ID":"CE609B50","NIDID":"OK10309"}},
"geometry":{"type":"Point","coordinates":[-96.25167,36.15167]}},
{"type":"Feature","properties":{"provider":"SWT","code":"HUDS","slug":"huds","elevation":555,"horizontal_datum":"NAD83","vertical_datum":"NGVD29","state":"OK","kind":"PROJECT","nearest_city":"Boatman, OK","public_name":"Lake Hudson","location_code":2836051,"nidid":"","aliases":{"NWS Handbook 5 ID":"MFDO2","CWMS Standard Naming":"HUDS","CWMS Legacy Naming":"HUDS","NIDID":"OK00134","DCP Platform ID":"CE606BD4","USGS Station Number":"07191400"}},
"geometry":{"type":"Point","coordinates":[-95.18219,36.23009]}},
{"type":"Feature","properties":{"provider":"SWT","code":"KEMP","slug":"kemp","elevation":1090,"horizontal_datum":"WGS84","vertical_datum":"NGVD29","state":"TX","kind":"PROJECT","nearest_city":"Mabelle, TX","public_name":"Lake Kemp","location_code":2229051,"nidid":"","aliases":{"CWMS Legacy Naming":"KEMP","CWMS Standard Naming":"KEMP","NIDID":"TX04358","USGS Station Number":"07312000","NWS Handbook 5 ID":"SYOT2","DCP Platform ID":"CE72741A"}},
"geometry":{"type":"Point","coordinates":[-99.15118,33.75843]}},
{"type":"Feature","properties":{"provider":"SWT","code":"MERE","slug":"mere","elevation":0,"horizontal_datum":"NAD83","vertical_datum":"NGVD29","state":"TX","kind":"PROJECT","nearest_city":"Sanford, TX","public_name":"Lake Meredith","location_code":4163051,"nidid":"","aliases":{"DCP Platform ID":"CE71E8A4","CWMS Standard Naming":"MERE","CWMS Legacy Naming":"MERE","NIDID":"TX00023","NWS Handbook 5 ID":"MRIT2","USGS Station Number":"07227900"}},
"geometry":{"type":"Point","coordinates":[-101.55128,35.7106]}},
{"type":"Feature","properties":{"provider":"SWT","code":"DENI","slug":"deni","elevation":0,"horizontal_datum":"WGS84","vertical_datum":"NGVD29","state":"TX","kind":"PROJECT","nearest_city":"Colbert, OK","public_name":"Lake Texoma","location_code":2063051,"nidid":"","aliases":{"CWMS Legacy Naming":"DENI","CWMS Standard Naming":"DENI","USGS Station Number":"07331500","DCP Platform ID":"CE60A018","NWS Handbook 5 ID":"DSNT2","NIDID":"OK10317"}},
"geometry":{"type":"Point","coordinates":[-96.57222,33.81806]}},
{"type":"Feature","properties":{"provider":"SWT","code":"THUN","slug":"thun","elevation":0,"horizontal_datum":"NAD83","vertical_datum":"NGVD29","state":"OK","kind":"PROJECT","nearest_city":"Noble, OK","public_name":"Lake Thunderbird","location_code":2578051,"nidid":"","aliases":{"NIDID":"OK02504","CWMS Standard Naming":"THUN","CWMS Legacy Naming":"THUN","USGS Station Number":"07229900","DCP Platform ID":"CE20B0B2","NWS Handbook 5 ID":"NRMO2"}},
"geometry":{"type":"Point","coordinates":[-97.21753,35.2234]}},
{"type":"Feature","properties":{"provider":"SWT","code":"MARI","slug":"mari","elevation":1301,"horizontal_datum":"NAD83","vertical_datum":"NAVD88","state":"KS","kind":"PROJECT","nearest_city":"Marion, KS","public_name":"Marion Lake","location_code":1799051,"nidid":"","aliases":{"NIDID":"KS00006","CWMS Standard Naming":"MARI","CWMS Legacy Naming":"MARI","NWS Handbook 5 ID":"MLBK1","USGS Station Number":"07179794","DCP Platform ID":"CE53B210"}},
"geometry":{"type":"Point","coordinates":[-97.08194,38.37222]}},
{"type":"Feature","properties":{"provider":"SWT","code":"MCGE","slug":"mcge","elevation":461,"horizontal_datum":"NAD83","vertical_datum":"NGVD29","state":"OK","kind":"PROJECT","nearest_city":"Lane, OK","public_name":"McGee Creek Reservoir","location_code":1550051,"nidid":"","aliases":{"NIDID":"OK82908","CWMS Standard Naming":"MCGE","CWMS Legacy Naming":"MCGE","NWS Handbook 5 ID":"MGCO2","USGS Station Number":"07333910","DCP Platform ID":"F231163A"}},
"geometry":{"type":"Point","coordinates":[-95.87526,34.3151]}},
{"type":"Feature","properties":{"provider":"SWT","code":"NEWT","slug":"newt","elevation":495,"horizontal_datum":"WGS84","vertical_datum":"NGVD29","state":"OK","kind":"PROJECT","nearest_city":"Inola, OK","public_name":"Newt Graham LD18","location_code":2635051,"nidid":"","aliases":{"NIDID":"OK10302","CWMS Standard Naming":"NEWT","CWMS Legacy Naming":"NEWT","NWS Handbook 5 ID":"INLO2","USGS Station Number":"07178620","DCP Platform ID":"CE615266"}},
"geometry":{"type":"Point","coordinates":[-95.535,36.05806]}},
{"type":"Feature","properties":{"provider":"SWT","code":"OOLO","slug":"oolo","elevation":0,"horizontal_datum":"WGS84","vertical_datum":"NGVD29","state":"OK","kind":"PROJECT","nearest_city":"Oologah, OK","public_name":"Oologah Lake","location_code":5368051,"nidid":"","aliases":{"NIDID":"OK10310","CWMS Standard Naming":"OOLO","CWMS Legacy Naming":"OOLO","NWS Handbook 5 ID":"OOLO2","USGS Station Number":"07171300","DCP Platform ID":"CE60AECA"}},
"geometry":{"type":"Point","coordinates":[-95.67944,36.4225]}},
{"type":"Feature","properties":{"provider":"SWT","code":"PATM","slug":"patm","elevation":392.5,"horizontal_datum":"NAD83","vertical_datum":"NGVD29","state":"TX","kind":"PROJECT","nearest_city":"Arthur City, TX","public_name":"Pat Mayse Lake","location_code":1812051,"nidid":"","aliases":{"NIDID":"TX04359","CWMS Standard Naming":"PATM","CWMS Legacy Naming":"PATM","NWS Handbook 5 ID":"MYST2","USGS Station Number":"07335390","DCP Platform ID":"CE6167FC"}},
"geometry":{"type":"Point","coordinates":[-95.54389,33.85278]}},
{"type":"Feature","properties":{"provider":"SWT","code":"PENS","slug":"pens","elevation":757,"horizontal_datum":"NAD83","vertical_datum":"LOCAL","state":"OK","kind":"PROJECT","nearest_city":"Miami","public_name":"Pensacola (Grand Lake)","location_code":3770051,"nidid":"","aliases":{"DCP Platform ID":"CE60BDBC","CWMS Standard Naming":"PENS","CWMS Legacy Naming":"PENS","NIDID":"OK00135","USGS Station Number":"07190000","NWS Handbook 5 ID":"PENO2"}},
"geometry":{"type":"Point","coordinates":[-95.03926,36.47212]}},
{"type":"Feature","properties":{"provider":"SWT","code":"PINE","slug":"pine","elevation":385,"horizontal_datum":"NAD83","vertical_datum":"NGVD29","state":"OK","kind":"PROJECT","nearest_city":"Rufe, OK","public_name":"Pine Creek Lake","location_code":2128051,"nidid":"","aliases":{"NIDID":"OK10306","CWMS Standard Naming":"PINE","CWMS Legacy Naming":"PINE","NWS Handbook 5 ID":"PCLO2","USGS Station Number":"07337300","DCP Platform ID":"CE5BB6B6"}},
"geometry":{"type":"Point","coordinates":[-95.07944,34.11194]}},
{"type":"Feature","properties":{"provider":"SWT","code":"ROBE","slug":"robe","elevation":408.5,"horizontal_datum":"NAD83","vertical_datum":"NGVD29","state":"OK","kind":"PROJECT","nearest_city":"Tucker, OK","public_name":"RS Kerr LD15","location_code":5457051,"nidid":"","aliases":{"DCP Platform ID":"CE613952","CWMS Standard Naming":"ROBE","CWMS Legacy Naming":"ROBE","USGS Station Number":"07246400","NWS Handbook 5 ID":"KERO2","NIDID":"OK10301"}},
"geometry":{"type":"Point","coordinates":[-94.77846,35.34791]}},
{"type":"Feature","properties":{"provider":"SWT","code":"SARD","slug":"sard","elevation":0,"horizontal_datum":"NAD83","vertical_datum":"NGVD29","state":"OK","kind":"PROJECT","nearest_city":"Clayton, OK","public_name":"Sardis Lake","location_code":1982051,"nidid":"","aliases":{"NIDID":"OK22199","CWMS Standard Naming":"SARD","CWMS Legacy Naming":"SARD","NWS Handbook 5 ID":"CYDO2","USGS Station Number":"07335775","DCP Platform ID":"CE53D7F6"}},
"geometry":{"type":"Point","coordinates":[-95.35,34.62833]}},
{"type":"Feature","properties":{"provider":"SWT","code":"SKIA","slug":"skia","elevation":673,"horizontal_datum":"WGS84","vertical_datum":"NGVD29","state":"OK","kind":"PROJECT","nearest_city":"Skiatook, OK","public_name":"Skiatook Lake","location_code":5117051,"nidid":"","aliases":{"NWS Handbook 5 ID":"SKLO2","CWMS Standard Naming":"SKIA","CWMS Legacy Naming":"SKIA","USGS Station Number":"07176800","DCP Platform ID":"CE5394FC","NIDID":"OK22200"}},
"geometry":{"type":"Point","coordinates":[-96.08861,36.35167]}},
{"type":"Feature","properties":{"provider":"SWT","code":"TENK","slug":"tenk","elevation":0,"horizontal_datum":"WGS84","vertical_datum":"NGVD29","state":"OK","kind":"PROJECT","nearest_city":"Gore, OK","public_name":"Tenkiller Lake","location_code":3660051,"nidid":"","aliases":{"NIDID":"OK10311","CWMS Standard Naming":"TENK","CWMS Legacy Naming":"TENK","NWS Handbook 5 ID":"TENO2","USGS Station Number":"07197500","DCP Platform ID":"CE61840E"}},
"geometry":{"type":"Point","coordinates":[-95.04917,35.59667]}},
{"type":"Feature","properties":{"provider":"SWT","code":"TOMS","slug":"toms","elevation":1365,"horizontal_datum":"WGS84","vertical_datum":"NGVD29","state":"OK","kind":"PROJECT","nearest_city":"Cold Springs, OK","public_name":"Tom Steed Lake","location_code":2737051,"nidid":"","aliases":{"NIDID":"OK20502","CWMS Standard Naming":"TOMS","CWMS Legacy Naming":"TOMS","NWS Handbook 5 ID":"MTNO2","USGS Station Number":"07305400","DCP Platform ID":"CE721F2E"}},
"geometry":{"type":"Point","coordinates":[-98.98667,34.74444]}},
{"type":"Feature","properties":{"provider":"SWT","code":"TORO","slug":"toro","elevation":856,"horizontal_datum":"WGS84","vertical_datum":"NGVD29","state":"KS","kind":"PROJECT","nearest_city":"Toronto, KS","public_name":"Toronto Lake","location_code":2906051,"nidid":"","aliases":{"NIDID":"KS00011","CWMS Standard Naming":"TORO","CWMS Legacy Naming":"TORO","NWS Handbook 5 ID":"TRLK1","USGS Station Number":"07165900","DCP Platform ID":"CE5BB864"}},
"geometry":{"type":"Point","coordinates":[-95.93333,37.74167]}},
{"type":"Feature","properties":{"provider":"SWT","code":"TRUS","slug":"trus","elevation":1407.5,"horizontal_datum":"WGS84","vertical_datum":"NGVD29","state":"TX","kind":"PROJECT","nearest_city":"Truscott, TX","public_name":"Truscott Brine Lake","location_code":2165051,"nidid":"","aliases":{"NIDID":"TX05996","CWMS Standard Naming":"TRUS","CWMS Legacy Naming":"TRUS","NWS Handbook 5 ID":"TBPT2","USGS Station Number":"07311669","DCP Platform ID":"CE615CB4"}},
"geometry":{"type":"Point","coordinates":[-99.836,33.7955]}},
{"type":"Feature","properties":{"provider":"SWT","code":"WDMA","slug":"wdma","elevation":380,"horizontal_datum":"NAD83","vertical_datum":"NGVD29","state":"OK","kind":"PROJECT","nearest_city":"Spiro, OK","public_name":"W.D. Mayo LD14","location_code":3415051,"nidid":"","aliases":{"NIDID":"OK10305","CWMS Standard Naming":"WDMA","CWMS Legacy Naming":"WDMA","NWS Handbook 5 ID":"MAYO2","USGS Station Number":"07246700","DCP Platform ID":"CE613780"}},
"geometry":{"type":"Point","coordinates":[-94.55988,35.31531]}},
{"type":"Feature","properties":{"provider":"SWT","code":"WAUR","slug":"waur","elevation":0,"horizontal_datum":"WGS84","vertical_datum":"NGVD29","state":"OK","kind":"PROJECT","nearest_city":"Hastings, OK","public_name":"Waurika Lake","location_code":1655051,"nidid":"","aliases":{"NIDID":"OK22203","CWMS Standard Naming":"WAUR","CWMS Legacy Naming":"WAUR","NWS Handbook 5 ID":"WRLO2","USGS Station Number":"07313400","DCP Platform ID":"CE54BEF6"}},
"geometry":{"type":"Point","coordinates":[-98.0475,34.2325]}},
{"type":"Feature","properties":{"provider":"SWT","code":"WEBB","slug":"webb","elevation":436.8,"horizontal_datum":"WGS84","vertical_datum":"NGVD29","state":"OK","kind":"PROJECT","nearest_city":"Gore, OK","public_name":"Webbers Falls LD16","location_code":3559051,"nidid":"","aliases":{"NIDID":"OK10304","CWMS Standard Naming":"WEBB","CWMS Legacy Naming":"WEBB","NWS Handbook 5 ID":"WFLO2","USGS Station Number":"07194550","DCP Platform ID":"CE614110"}},
"geometry":{"type":"Point","coordinates":[-95.16773,35.55445]}},
{"type":"Feature","properties":{"provider":"SWT","code":"WIST","slug":"wist","elevation":0,"horizontal_datum":"WGS84","vertical_datum":"NGVD29","state":"OK","kind":"PROJECT","nearest_city":"Wister, OK","public_name":"Wister Lake","location_code":3473051,"nidid":"","aliases":{"NIDID":"OK10315","CWMS Standard Naming":"WIST","CWMS Legacy Naming":"WIST","USGS Station Number":"07248000","DCP Platform ID":"CE61A2E2","NWS Handbook 5 ID":"WSLO2"}},
"geometry":{"type":"Point","coordinates":[-94.71944,34.93611]}},
{"type":"Feature","properties":{"provider":"LRN","code":"BAHK2","slug":"bahk2","elevation":0,"horizontal_datum":"NAD83","vertical_datum":"NGVD29","state":"KY","kind":"PROJECT","nearest_city":"Grand Rivers","public_name":"Barkley Lock and Dam","location_code":3149010,"nidid":"","aliases":{"NIDID":"KY03001","CWMS Legacy Naming":"BAHK2","CWMS Standard Naming":"BAHK2"}},
"geometry":{"type":"Point","coordinates":[-88.22105,37.02168]}},
{"type":"Feature","properties":{"provider":"LRN","code":"CEHT1","slug":"ceht1","elevation":null,"horizontal_datum":"NAD83","vertical_datum":"NGVD29","state":"TN","kind":"PROJECT","nearest_city":"Gordonsville","public_name":"Center Hill Dam","location_code":2915010,"nidid":"","aliases":{"NID Dam Name":"Center Hill","CWMS Legacy Naming":"CEHT1","CWMS Standard Naming":"CEHT1","NIDID":"TN04102"}},
"geometry":{"type":"Point","coordinates":[-85.82672,36.09763]}},
{"type":"Feature","properties":{"provider":"LRN","code":"CHPT1","slug":"chpt1","elevation":0,"horizontal_datum":"NAD83","vertical_datum":"NGVD29","state":"TN","kind":"PROJECT","nearest_city":"Ashland City","public_name":"Cheatham Lock and Dam","location_code":2483010,"nidid":"","aliases":{"NIDID":"TN02101","CWMS Legacy Naming":"CHPT1","CWMS Standard Naming":"CHPT1"}},
"geometry":{"type":"Point","coordinates":[-87.22332,36.31923]}},
{"type":"Feature","properties":{"provider":"LRN","code":"COHT1","slug":"coht1","elevation":0,"horizontal_datum":"NAD83","vertical_datum":"NGVD29","state":"TN","kind":"PROJECT","nearest_city":"Carthage","public_name":"Cordell Hull Lock and Dam","location_code":2829010,"nidid":"","aliases":{"NID Dam Name":"Cordell Hull","CWMS Legacy Naming":"COHT1","CWMS Standard Naming":"COHT1","NIDID":"TN15901"}},
"geometry":{"type":"Point","coordinates":[-85.94431,36.28944]}},
{"type":"Feature","properties":{"provider":"LRN","code":"DLHT1","slug":"dlht1","elevation":null,"horizontal_datum":"NAD83","vertical_datum":"NGVD29","state":"TN","kind":"PROJECT","nearest_city":"Celina","public_name":"Dale Hollow Dam","location_code":2939010,"nidid":"","aliases":{"NID Dam Name":"Dale Hollow","CWMS Legacy Naming":"DLHT1","CWMS Standard Naming":"DLHT1","NIDID":"TN02702"}},
"geometry":{"type":"Point","coordinates":[-85.45111,36.53833]}},
{"type":"Feature","properties":{"provider":"LRN","code":"JPHT1","slug":"jpht1","elevation":null,"horizontal_datum":"NAD83","vertical_datum":"NGVD29","state":"TN","kind":"PROJECT","nearest_city":"Donelson","public_name":"J Percy Priest Dam","location_code":2362010,"nidid":"","aliases":{"NID Dam Name":"J Percy Priest","USACE":"JPP","CWMS Standard Naming":"JPHT1","CWMS Legacy Naming":"JPHT1","NWS Handbook 5 ID":"JPHT1","NIDID":"TN03701"}},
"geometry":{"type":"Point","coordinates":[-86.61863,36.15672]}},
{"type":"Feature","properties":{"provider":"LRN","code":"KYDK2","slug":"kydk2","elevation":0,"horizontal_datum":"NAD83","vertical_datum":"NGVD29","state":"KY","kind":"PROJECT","nearest_city":"Eddyville","public_name":"Kentucky Lock and Dam","location_code":4584010,"nidid":"","aliases":{"NIDID":"KY05017","CWMS Legacy Naming":"KYDK2","CWMS Standard Naming":"KYDK2"}},
"geometry":{"type":"Point","coordinates":[-88.26778,37.01444]}},
{"type":"Feature","properties":{"provider":"LRN","code":"LAPK2","slug":"lapk2","elevation":null,"horizontal_datum":"NAD83","vertical_datum":"NGVD29","state":"KY","kind":"PROJECT","nearest_city":"Corbin","public_name":"Laurel Dam","location_code":3248010,"nidid":"","aliases":{"NWS Handbook 5 ID":"LAPK2","CWMS Legacy Naming":"LAPK2","CWMS Standard Naming":"Laurel Dam","USACE":"LAU","NIDID":"KY03046","NID Dam Name":"Laurel Dam"}},
"geometry":{"type":"Point","coordinates":[-84.26778,36.9625]}},
{"type":"Feature","properties":{"provider":"LRN","code":"MFLK2","slug":"mflk2","elevation":null,"horizontal_datum":"NAD83","vertical_datum":"NGVD29","state":"KY","kind":"PROJECT","nearest_city":"Harlan","public_name":"Martins Fork Dam","location_code":3268010,"nidid":"","aliases":{"NID Dam Name":"MARTINS FORK DAM ","CWMS Legacy Naming":"MFLK2","CWMS Standard Naming":"MFLK2","USACE":"MAR","NWS Handbook 5 ID":"MFLK2","NIDID":"KY03061"}},
"geometry":{"type":"Point","coordinates":[-83.25792,36.7521]}},
{"type":"Feature","properties":{"provider":"LRN","code":"OHHT1","slug":"ohht1","elevation":0,"horizontal_datum":"NAD83","vertical_datum":"NGVD29","state":"TN","kind":"PROJECT","nearest_city":"Hendersonville","public_name":"Old Hickory Lock and Dam Headwater","location_code":2637010,"nidid":"","aliases":{"NID Dam Name":"Old Hickory","CWMS Legacy Naming":"OHHT1","CWMS Standard Naming":"OHHT1","NIDID":"TN03702"}},
"geometry":{"type":"Point","coordinates":[-86.65667,36.29417]}},
{"type":"Feature","properties":{"provider":"LRN","code":"WLCK2","slug":"wlck2","elevation":null,"horizontal_datum":"NAD83","vertical_datum":"NGVD29","state":"KY","kind":"PROJECT","nearest_city":"Jamestown","public_name":"Wolf Creek Dam","location_code":3228010,"nidid":"","aliases":{"USACE":"WOL","CWMS Legacy Naming":"WLCK2","CWMS Standard Naming":"WLCK2","NIDID":"KY03010","NID Dam Name":"Wolf Creek Dam","NWS Handbook 5 ID":"WLCK2"}},
"geometry":{"type":"Point","coordinates":[-85.14694,36.86833]}},
{"type":"Feature","properties":{"provider":"MVK","code":"Arkabutla Lake","slug":"arkabutla%20lake","elevation":0,"horizontal_datum":"NAD27","vertical_datum":"NGVD29","state":"MS","kind":"PROJECT","nearest_city":"Southaven","public_name":"Arkabutla Lake","location_code":120013,"nidid":"","aliases":{"NIDID":"MS01496","SHEF Location ID":"CE40794C","DCP Platform ID":"CE40794C","CWMS Legacy Naming":"Arkabutla Lake","CWMS Standard Naming":"Arkabutla Lake"}},
"geometry":{"type":"Point","coordinates":[-90.12444,34.75722]}},
{"type":"Feature","properties":{"provider":"MVK","code":"Blakely","slug":"blakely","elevation":0,"horizontal_datum":"NAD27","vertical_datum":"NGVD29","state":"AR","kind":"PROJECT","nearest_city":"Hot Springs","public_name":"Blakely Mountain Dam","location_code":11092013,"nidid":"","aliases":{"CWMS Standard Naming":"Blakely","NIDID":"AR00150","SHEF Location ID":"CE418B32","DCP Platform ID":"CE418B32","CWMS Legacy Naming":"Blakely"}},
"geometry":{"type":"Point","coordinates":[-93.19469,34.57283]}},
{"type":"Feature","properties":{"provider":"MVK","code":"Bodcau Lake","slug":"bodcau%20lake","elevation":0,"horizontal_datum":"NAD27","vertical_datum":"NGVD29","state":"LA","kind":"PROJECT","nearest_city":"Minden","public_name":"Bodcau Lake","location_code":11134013,"nidid":"","aliases":{"DCP Platform ID":"CE40D766","NIDID":"LA00179","CWMS Legacy Naming":"Bodcau Lake","CWMS Standard Naming":"Bodcau Lake","SHEF Location ID":"CE40D766"}},
"geometry":{"type":"Point","coordinates":[-93.511,32.702]}},
{"type":"Feature","properties":{"provider":"MVK","code":"Caddo Lake","slug":"caddo%20lake","elevation":0,"horizontal_datum":"NAD83","vertical_datum":"NGVD29","state":"LA","kind":"PROJECT","nearest_city":"Caddo Lake","public_name":"Caddo Lake ","location_code":587013,"nidid":"","aliases":{"SHEF Location ID":"CE7F42E6","NIDID":"LA00181","CWMS Legacy Naming":"Caddo Lake","CWMS Standard Naming":"Caddo Lake","DCP Platform ID":"CE7F42E6"}},
"geometry":{"type":"Point","coordinates":[-93.91866,32.70438]}},
{"type":"Feature","properties":{"provider":"MVK","code":"Degray Lake","slug":"degray%20lake","elevation":0,"horizontal_datum":"NAD27","vertical_datum":"NGVD29","state":"AR","kind":"PROJECT","nearest_city":"Hot Springs","public_name":"Degray Lake","location_code":11128013,"nidid":"","aliases":{"CWMS Legacy Naming":"Degray Lake","SHEF Location ID":"CE40AF24","NIDID":"AR00151","DCP Platform ID":"CE40AF24","CWMS Standard Naming":"Degray Lake"}},
"geometry":{"type":"Point","coordinates":[-93.11292,34.21499]}},
{"type":"Feature","properties":{"provider":"MVK","code":"Enid Lake","slug":"enid%20lake","elevation":0,"horizontal_datum":"NAD27","vertical_datum":"NGVD29","state":"MS","kind":"PROJECT","nearest_city":"Grenada","public_name":"Enid Lake ","location_code":342013,"nidid":"","aliases":{"NIDID":"MS01495","SHEF Location ID":"CE417564","DCP Platform ID":"CE417564","CWMS Legacy Naming":"Enid Lake","CWMS Standard Naming":"Enid Lake"}},
"geometry":{"type":"Point","coordinates":[-89.9038,34.15796]}},
{"type":"Feature","properties":{"provider":"MVK","code":"Grenada Lake","slug":"grenada%20lake","elevation":0,"horizontal_datum":"NAD27","vertical_datum":"NGVD29","state":"MS","kind":"PROJECT","nearest_city":"Grenada","public_name":"Grenada Lake","location_code":355013,"nidid":"","aliases":{"NIDID":"MS01494","CWMS Legacy Naming":"Grenada Lake","CWMS Standard Naming":"Grenada Lake","DCP Platform ID":"CE417BB6","SHEF Location ID":"CE417BB6"}},
"geometry":{"type":"Point","coordinates":[-89.77056,33.80861]}},
{"type":"Feature","properties":{"provider":"MVK","code":"Narrows Dam","slug":"narrows%20dam","elevation":0,"horizontal_datum":"NAD27","vertical_datum":"NGVD29","state":"AR","kind":"PROJECT","nearest_city":"Arkadelphia","public_name":"Narrows Dam (Lake Greeson)","location_code":11164013,"nidid":"","aliases":{"DCP Platform ID":"CE40B280","NIDID":"AR00154","CWMS Legacy Naming":"Narrows Dam","CWMS Standard Naming":"Narrows Dam","SHEF Location ID":"CE40B280"}},
"geometry":{"type":"Point","coordinates":[-93.71528,34.14861]}},
{"type":"Feature","properties":{"provider":"MVK","code":"L&D 1","slug":"l&d%201","elevation":0,"horizontal_datum":"NAD83","vertical_datum":"NGVD29","state":"LA","kind":"PROJECT","nearest_city":"Pineville","public_name":"Red L&D #1","location_code":566013,"nidid":"","aliases":{"NIDID":"LA00583","CWMS Legacy Naming":"L&D 1","CWMS Standard Naming":"L&D 1"},"levels":null},
"geometry":{"type":"Point","coordinates":[-91.95701,31.25337]}},
{"type":"Feature","properties":{"provider":"MVK","code":"L&D 2","slug":"l&d%202","elevation":0,"horizontal_datum":"NAD83","vertical_datum":"NGVD29","state":"LA","kind":"PROJECT","nearest_city":"Pineville","public_name":"Red L&D #2","location_code":557013,"nidid":"","aliases":{"CWMS Standard Naming":"L&D 2","CWMS Legacy Naming":"L&D 2"}},
"geometry":{"type":"Point","coordinates":[-92.29278,31.18702]}},
{"type":"Feature","properties":{"provider":"MVK","code":"L&D 3","slug":"l&d%203","elevation":0,"horizontal_datum":"NAD83","vertical_datum":"NGVD29","state":"LA","kind":"PROJECT","nearest_city":"Alexandria","public_name":"Red L&D #3","location_code":79013,"nidid":"","aliases":{"CWMS Standard Naming":"L&D 3","CWMS Legacy Naming":"L&D 3"},"timeseries":null,"levels":null},
"geometry":{"type":"Point","coordinates":[-92.72862,31.52099]}},
{"type":"Feature","properties":{"provider":"MVK","code":"Sardis Lake","slug":"sardis%20lake","elevation":0,"horizontal_datum":"NAD27","vertical_datum":"NGVD29","state":"MS","kind":"PROJECT","nearest_city":"Southaven","public_name":"Sardis Lake","location_code":327013,"nidid":"","aliases":{"DCP Platform ID":"CE4168C0","CWMS Legacy Naming":"Sardis Lake","CWMS Standard Naming":"Sardis Lake","NIDID":"MS01493","SHEF Location ID":"CE4168C0"}},
"geometry":{"type":"Point","coordinates":[-89.78671,34.39924]}},
{"type":"Feature","properties":{"provider":"MVK","code":"Wallace Lake","slug":"wallace%20lake","elevation":0,"horizontal_datum":"NAD27","vertical_datum":"NGVD29","state":"LA","kind":"PROJECT","nearest_city":"Shreveport","public_name":"Wallace Lake","location_code":150013,"nidid":"","aliases":{"DCP Platform ID":"CE41BEA8","NIDID":"LA00180","CWMS Legacy Naming":"Wallace Lake","CWMS Standard Naming":"Wallace Lake","SHEF Location ID":"CE41BEA8"}},
"geometry":{"type":"Point","coordinates":[-93.67016,32.31883]}},
{"type":"Feature","properties":{"provider":"NAE","code":"BMD","slug":"bmd","elevation":805.51,"horizontal_datum":"","vertical_datum":"NGVD29","state":"VT","kind":"PROJECT","nearest_city":"Jamaica","public_name":"Ball Mountain Dam","location_code":8027021,"nidid":"","aliases":{"NIDID":"VT00001","CWMS Legacy Naming":"BMD","CWMS Standard Naming":"BMD","USGS Station Number":"01155500"}},
"geometry":{"type":"Point","coordinates":[-72.77441,43.12736]}},
{"type":"Feature","properties":{"provider":"NAE","code":"BFD","slug":"bfd","elevation":2526.25,"horizontal_datum":"WGS84","vertical_datum":"NGVD29","state":"MA","kind":"PROJECT","nearest_city":"Gardner","public_name":"Barre Falls Dam","location_code":8024021,"nidid":"","aliases":{"USGS Station Number":"01172500","CWMS Legacy Naming":"BFD","CWMS Standard Naming":"BFD","NIDID":"MA00962"}},
"geometry":{"type":"Point","coordinates":[-72.0261,42.4278]}},
{"type":"Feature","properties":{"provider":"NAE","code":"BHD","slug":"bhd","elevation":814.96,"horizontal_datum":"WGS84","vertical_datum":"NGVD29","state":"MA","kind":"PROJECT","nearest_city":"Gardner","public_name":"Birch Hill Dam","location_code":8025021,"nidid":"","aliases":{"USGS Station Number":"01163500","CWMS Legacy Naming":"BHD","CWMS Standard Naming":"BHD","NIDID":"MA00963"}},
"geometry":{"type":"Point","coordinates":[-72.1239,42.6322]}},
{"type":"Feature","properties":{"provider":"NAE","code":"BRD","slug":"brd","elevation":410.01,"horizontal_datum":"WGS84","vertical_datum":"","state":"CT","kind":"PROJECT","nearest_city":"Waterbury","public_name":"Black Rock Dam","location_code":8029021,"nidid":"","aliases":{"NIDID":"CT00508","CWMS Legacy Naming":"BRD","CWMS Standard Naming":"BRD","USGS Station Number":"01208013"}},
"geometry":{"type":"Point","coordinates":[-73.1056,41.6575]}},
{"type":"Feature","properties":{"provider":"NAE","code":"BWD","slug":"bwd","elevation":514.99,"horizontal_datum":"WGS84","vertical_datum":"","state":"NH","kind":"PROJECT","nearest_city":"Concord","public_name":"Blackwater Dam","location_code":8033021,"nidid":"","aliases":{"USGS Station Number":"01087000","CWMS Legacy Naming":"BWD","CWMS Standard Naming":"BWD","NIDID":"NH00001"}},
"geometry":{"type":"Point","coordinates":[-71.7231,43.3156]}},
{"type":"Feature","properties":{"provider":"NAE","code":"BVD","slug":"bvd","elevation":481.5,"horizontal_datum":"","vertical_datum":"NGVD29","state":"MA","kind":"PROJECT","nearest_city":"Webster","public_name":"Buffumville Dam","location_code":8032021,"nidid":"","aliases":{"NIDID":"MA00964","CWMS Legacy Naming":"BVD","CWMS Standard Naming":"BVD","USGS Station Number":"01124500","NWS Handbook 5 ID":"OXCM3"}},
"geometry":{"type":"Point","coordinates":[-71.9083,42.1158]}},
{"type":"Feature","properties":{"provider":"NAE","code":"CRD","slug":"crd","elevation":575.13,"horizontal_datum":"WGS84","vertical_datum":"NGVD29","state":"CT","kind":"PROJECT","nearest_city":"Torrington","public_name":"Colebrook Dam","location_code":8049021,"nidid":"","aliases":{"NIDID":"CT00506","CWMS Legacy Naming":"CRD","CWMS Standard Naming":"CRD"}},
"geometry":{"type":"Point","coordinates":[-73.03643,42.00639]}},
{"type":"Feature","properties":{"provider":"NAE","code":"CBD","slug":"cbd","elevation":692.91,"horizontal_datum":"WGS84","vertical_datum":"NGVD29","state":"MA","kind":"PROJECT","nearest_city":"Springfield","public_name":"Conant Brook Dam","location_code":8035021,"nidid":"","aliases":{"NIDID":"MA00965","CWMS Legacy Naming":"CBD","CWMS Standard Naming":"CBD"}},
"geometry":{"type":"Point","coordinates":[-72.29036,42.07352]}},
{"type":"Feature","properties":{"provider":"NAE","code":"EBD","slug":"ebd","elevation":619,"horizontal_datum":"","vertical_datum":"NGVD29","state":"MA","kind":"PROJECT","nearest_city":"Southbridge","public_name":"East Brimfield Dam","location_code":8055021,"nidid":"","aliases":{"USGS Station Number":"01123360","CWMS Legacy Naming":"EBD","CWMS Standard Naming":"EBD","NIDID":"MA00966"}},
"geometry":{"type":"Point","coordinates":[-72.1269,42.1083]}},
{"type":"Feature","properties":{"provider":"NAE","code":"EMD","slug":"emd","elevation":904,"horizontal_datum":"WGS84","vertical_datum":"","state":"NH","kind":"PROJECT","nearest_city":"Keene","public_name":"Edward MacDowell Dam","location_code":8059021,"nidid":"","aliases":{"USGS Station Number":"01083000","CWMS Legacy Naming":"EMD","CWMS Standard Naming":"EMD","NIDID":"NH00005"}},
"geometry":{"type":"Point","coordinates":[-71.9878,42.8939]}},
{"type":"Feature","properties":{"provider":"NAE","code":"EVD","slug":"evd","elevation":325,"horizontal_datum":"WGS84","vertical_datum":"","state":"NH","kind":"PROJECT","nearest_city":"Concord","public_name":"Everett Dam","location_code":8062021,"nidid":"","aliases":{"USGS Station Number":"01090800","CWMS Legacy Naming":"EVD","CWMS Standard Naming":"EVD","NIDID":"NH00002"}},
"geometry":{"type":"Point","coordinates":[-71.6603,43.0933]}},
{"type":"Feature","properties":{"provider":"NAE","code":"FFD","slug":"ffd","elevation":299.87,"horizontal_datum":"WGS84","vertical_datum":"NGVD29","state":"NH","kind":"PROJECT","nearest_city":"Laconia","public_name":"Franklin Falls Dam","location_code":8065021,"nidid":"","aliases":{"NIDID":"NH00003","CWMS Legacy Naming":"FFD","CWMS Standard Naming":"FFD"}},
"geometry":{"type":"Point","coordinates":[-71.65931,43.46912]}},
{"type":"Feature","properties":{"provider":"NAE","code":"HCD","slug":"hcd","elevation":454,"horizontal_datum":"WGS84","vertical_datum":"NGVD29","state":"CT","kind":"PROJECT","nearest_city":"Waterbury","public_name":"Hancock Brook Dam","location_code":8080021,"nidid":"","aliases":{"NIDID":"CT00507","CWMS Legacy Naming":"HCD","CWMS Standard Naming":"HCD"}},
"geometry":{"type":"Point","coordinates":[-73.0381,41.6219]}},
{"type":"Feature","properties":{"provider":"NAE","code":"HVD","slug":"hvd","elevation":465.5,"horizontal_datum":"","vertical_datum":"NGVD29","state":"MA","kind":"PROJECT","nearest_city":"Webster","public_name":"Hodges Village Dam","location_code":8094021,"nidid":"","aliases":{"NIDID":"MA00967","CWMS Legacy Naming":"HVD","CWMS Standard Naming":"HVD","USGS Station Number":"01124350"}},
"geometry":{"type":"Point","coordinates":[-71.8819,42.1192]}},
{"type":"Feature","properties":{"provider":"NAE","code":"HBD","slug":"hbd","elevation":291.99,"horizontal_datum":"WGS84","vertical_datum":"","state":"CT","kind":"PROJECT","nearest_city":"Naugatuck","public_name":"Hop Brook Dam","location_code":8079021,"nidid":"","aliases":{"NIDID":"CT00504","CWMS Legacy Naming":"HBD","CWMS Standard Naming":"HBD","USGS Station Number":"01208420"}},
"geometry":{"type":"Point","coordinates":[-73.06638,41.51437]}},
{"type":"Feature","properties":{"provider":"NAE","code":"HKD","slug":"hkd","elevation":366.01,"horizontal_datum":"WGS84","vertical_datum":"","state":"NH","kind":"PROJECT","nearest_city":"Concord","public_name":"Hopkinton Dam","location_code":8083021,"nidid":"","aliases":{"USGS Station Number":"01085500","CWMS Legacy Naming":"HKD","CWMS Standard Naming":"HKD","NIDID":"NH00004"}},
"geometry":{"type":"Point","coordinates":[-71.7472,43.1886]}},
{"type":"Feature","properties":{"provider":"NAE","code":"KVD","slug":"kvd","elevation":479.99,"horizontal_datum":"WGS84","vertical_datum":"","state":"MA","kind":"PROJECT","nearest_city":"Northampton","public_name":"Knightville Dam","location_code":8100021,"nidid":"","aliases":{"NIDID":"MA00969","CWMS Legacy Naming":"KVD","CWMS Standard Naming":"KVD","USGS Station Number":"01179500"}},
"geometry":{"type":"Point","coordinates":[-72.8636,42.2906]}},
{"type":"Feature","properties":{"provider":"NAE","code":"LVD","slug":"lvd","elevation":431.99,"horizontal_datum":"WGS84","vertical_datum":"","state":"MA","kind":"PROJECT","nearest_city":"Westfield","public_name":"Littleville Dam","location_code":8107021,"nidid":"","aliases":{"USGS Station Number":"01180500","CWMS Legacy Naming":"LVD","CWMS Standard Naming":"LVD","NIDID":"MA00968"}},
"geometry":{"type":"Point","coordinates":[-72.8808,42.26561]}},
{"type":"Feature","properties":{"provider":"NAE","code":"MHD","slug":"mhd","elevation":195.01,"horizontal_datum":"","vertical_datum":"","state":"CT","kind":"PROJECT","nearest_city":"Willimantic","public_name":"Mansfield Hollow Dam","location_code":8112021,"nidid":"","aliases":{"NIDID":"CT00503","CWMS Legacy Naming":"MHD","CWMS Standard Naming":"MHD","USGS Station Number":"01122000"}},
"geometry":{"type":"Point","coordinates":[-72.1817,41.765]}},
{"type":"Feature","properties":{"provider":"NAE","code":"NHD","slug":"nhd","elevation":390,"horizontal_datum":"","vertical_datum":"NGVD29","state":"VT","kind":"PROJECT","nearest_city":"Lebanon","public_name":"North Hartland Dam","location_code":8124021,"nidid":"","aliases":{"USGS Station Number":"01151500","CWMS Legacy Naming":"NHD","CWMS Standard Naming":"NHD","NIDID":"VT00002"}},
"geometry":{"type":"Point","coordinates":[-72.36088,43.60438]}},
{"type":"Feature","properties":{"provider":"NAE","code":"NSD","slug":"nsd","elevation":452,"horizontal_datum":"","vertical_datum":"NGVD29","state":"VT","kind":"PROJECT","nearest_city":"Claremont","public_name":"North Springfield Dam","location_code":8130021,"nidid":"","aliases":{"NIDID":"VT00003","CWMS Legacy Naming":"NSD","CWMS Standard Naming":"NSD","USGS Station Number":"01153000"}},
"geometry":{"type":"Point","coordinates":[-72.5075,43.33753]}},
{"type":"Feature","properties":{"provider":"NAE","code":"NBD","slug":"nbd","elevation":480.51,"horizontal_datum":"WGS84","vertical_datum":"NGVD29","state":"CT","kind":"PROJECT","nearest_city":"Bristol","public_name":"Northfield Brook Dam","location_code":8119021,"nidid":"","aliases":{"NIDID":"CT00505","CWMS Legacy Naming":"NBD","CWMS Standard Naming":"NBD"}},
"geometry":{"type":"Point","coordinates":[-73.0908,41.6814]}},
{"type":"Feature","properties":{"provider":"NAE","code":"OBD","slug":"obd","elevation":683,"horizontal_datum":"","vertical_datum":"NGVD29","state":"NH","kind":"PROJECT","nearest_city":"Keene","public_name":"Otter Brook Dam","location_code":8136021,"nidid":"","aliases":{"USGS Station Number":"01158600","CWMS Legacy Naming":"OBD","CWMS Standard Naming":"OBD","NIDID":"NH00006"}},
"geometry":{"type":"Point","coordinates":[-72.23667,42.94655]}},
{"type":"Feature","properties":{"provider":"NAE","code":"SMD","slug":"smd","elevation":485,"horizontal_datum":"","vertical_datum":"NGVD29","state":"NH","kind":"PROJECT","nearest_city":"Keene","public_name":"Surry Mountain Dam","location_code":8162021,"nidid":"","aliases":{"NIDID":"NH00007","CWMS Legacy Naming":"SMD","CWMS Standard Naming":"SMD","USGS Station Number":"01158000"}},
"geometry":{"type":"Point","coordinates":[-72.31196,42.998]}},
{"type":"Feature","properties":{"provider":"NAE","code":"TMD","slug":"tmd","elevation":379.99,"horizontal_datum":"WGS84","vertical_datum":"","state":"CT","kind":"PROJECT","nearest_city":"Bristol","public_name":"Thomaston Dam","location_code":8172021,"nidid":"","aliases":{"NIDID":"CT00501","CWMS Legacy Naming":"TMD","CWMS Standard Naming":"TMD","USGS Station Number":"01206900"}},
"geometry":{"type":"Point","coordinates":[-73.0625,41.6947]}},
{"type":"Feature","properties":{"provider":"NAE","code":"TSD","slug":"tsd","elevation":457,"horizontal_datum":"","vertical_datum":"NGVD29","state":"VT","kind":"PROJECT","nearest_city":"Jamaica","public_name":"Townshend Dam","location_code":8174021,"nidid":"","aliases":{"USGS Station Number":"01155910","CWMS Legacy Naming":"TSD","CWMS Standard Naming":"TSD","NIDID":"VT00004"}},
"geometry":{"type":"Point","coordinates":[-72.7022,43.0531]}},
{"type":"Feature","properties":{"provider":"NAE","code":"TLD","slug":"tld","elevation":625,"horizontal_datum":"WGS84","vertical_datum":"","state":"MA","kind":"PROJECT","nearest_city":"Gardner","public_name":"Tully Dam","location_code":8170021,"nidid":"","aliases":{"NIDID":"MA00970","CWMS Legacy Naming":"TLD","CWMS Standard Naming":"TLD","USGS Station Number":"01165000"}},
"geometry":{"type":"Point","coordinates":[-72.225,42.6414]}},
{"type":"Feature","properties":{"provider":"NAE","code":"UVD","slug":"uvd","elevation":420,"horizontal_datum":"","vertical_datum":"NGVD29","state":"VT","kind":"PROJECT","nearest_city":"Lebanon","public_name":"Union Village Dam","location_code":8177021,"nidid":"","aliases":{"NIDID":"VT00005","USGS Station Number":"01141500"}},
"geometry":{"type":"Point","coordinates":[-72.25752,43.79372]}},
{"type":"Feature","properties":{"provider":"NAE","code":"WHD","slug":"whd","elevation":233.99,"horizontal_datum":"","vertical_datum":"","state":"MA","kind":"PROJECT","nearest_city":"Milford","public_name":"West Hill Dam","location_code":8191021,"nidid":"","aliases":{"NIDID":"MA00971","CWMS Legacy Naming":"WHD","CWMS Standard Naming":"WHD","USGS Station Number":"01111200"}},
"geometry":{"type":"Point","coordinates":[-71.6092,42.1058]}},
{"type":"Feature","properties":{"provider":"NAE","code":"WTD","slug":"wtd","elevation":292,"horizontal_datum":"WGS84","vertical_datum":"NGVD29","state":"CT","kind":"PROJECT","nearest_city":"Webster","public_name":"West Thompson Dam","location_code":8203021,"nidid":"","aliases":{"USGS Station Number":"01124151","CWMS Legacy Naming":"WTD","CWMS Standard Naming":"WTD","NIDID":"CT00502"}},
"geometry":{"type":"Point","coordinates":[-71.9014,41.945]}},
{"type":"Feature","properties":{"provider":"NAE","code":"WVD","slug":"wvd","elevation":515,"horizontal_datum":"","vertical_datum":"NGVD29","state":"MA","kind":"PROJECT","nearest_city":"Southbridge","public_name":"Westville Dam","location_code":8206021,"nidid":"","aliases":{"USGS Station Number":"01123600","CWMS Legacy Naming":"WVD","CWMS Standard Naming":"WVD","NIDID":"MA00972"}},
"geometry":{"type":"Point","coordinates":[-72.0589,42.0825]}},
{"type":"Feature","properties":{"provider":"NAE","code":"WFD","slug":"wfd","elevation":148.1,"horizontal_datum":"","vertical_datum":"","state":"RI","kind":"PROJECT","nearest_city":"Woonsocket","public_name":"Woonsocket Falls Local Protection","location_code":8189021,"nidid":"","aliases":{"NIDID":"RI03902","CWMS Legacy Naming":"WFD","CWMS Standard Naming":"WFD"}},
"geometry":{"type":"Point","coordinates":[-71.51806,41.99944]}},
{"type":"Feature","properties":{"provider":"NAO","code":"Moomaw","slug":"moomaw","elevation":null,"horizontal_datum":"","vertical_datum":"NGVD29","state":"VA","kind":"PROJECT","nearest_city":"Covington","public_name":"Lake Moomaw and Gathright Dam","location_code":169023,"nidid":"","aliases":{"NIDID":"VA00501"}},
"geometry":{"type":"Point","coordinates":[-79.95682,37.95104]}},
{"type":"Feature","properties":{"provider":"POA","code":"MCD","slug":"mcd","elevation":0,"horizontal_datum":"","vertical_datum":"","state":"AK","kind":"PROJECT","nearest_city":"Fairbanks","public_name":"Moose Creek Dam - Chena River","location_code":2796555126,"nidid":"","aliases":{"NIDID":"AK00085"}},
"geometry":{"type":"Point","coordinates":[-147.17995,64.79251]}},
{"type":"Feature","properties":{"provider":"SAW","code":"NEU FLP","slug":"neu%20flp","elevation":null,"horizontal_datum":"NAD83","vertical_datum":"","state":"00","kind":"PROJECT","nearest_city":"","public_name":"Falls Dam","location_code":1745041,"nidid":"","aliases":{"NIDID":"NC01713"}},
"geometry":{"type":"Point","coordinates":[-78.58167,35.94167]}},
{"type":"Feature","properties":{"provider":"SAW","code":"ROA JHK","slug":"roa%20jhk","elevation":0,"horizontal_datum":"NAD83","vertical_datum":"NGVD29","state":"00","kind":"PROJECT","nearest_city":"","public_name":"John H. Kerr Dam","location_code":1749041,"nidid":"","aliases":{"NIDID":"VA11701"}},
"geometry":{"type":"Point","coordinates":[-78.29667,36.59667]}},
{"type":"Feature","properties":{"provider":"SAW","code":"CFR BEJ","slug":"cfr%20bej","elevation":0,"horizontal_datum":"NAD83","vertical_datum":"NGVD29","state":"00","kind":"PROJECT","nearest_city":"","public_name":"Jordan Dam","location_code":1743041,"nidid":"","aliases":{"NIDID":"NC00173"}},
"geometry":{"type":"Point","coordinates":[-79.0683,35.6547]}},
{"type":"Feature","properties":{"provider":"SAW","code":"ROA PLP","slug":"roa%20plp","elevation":0,"horizontal_datum":"NAD83","vertical_datum":"NGVD29","state":"00","kind":"PROJECT","nearest_city":"","public_name":"Philpott Dam","location_code":1753041,"nidid":"","aliases":{"NIDID":"VA08901"}},
"geometry":{"type":"Point","coordinates":[-80.02833,36.78333]}},
{"type":"Feature","properties":{"provider":"SAW","code":"YAD WKS","slug":"yad%20wks","elevation":1000,"horizontal_datum":"NAD83","vertical_datum":"NGVD29","state":"NC","kind":"PROJECT","nearest_city":"Lenoir","public_name":"W. Kerr Scott Dam","location_code":1747041,"nidid":"","aliases":{"NIDID":"NC00300"}},
"geometry":{"type":"Point","coordinates":[-81.2267,36.1336]}},
{"type":"Feature","properties":{"provider":"LRP","code":"Berlin","slug":"berlin","elevation":0,"horizontal_datum":"WGS84","vertical_datum":"NAVD88","state":"OH","kind":"PROJECT","nearest_city":"Alliance","public_name":"Berlin Lake","location_code":16587111,"nidid":"","aliases":{"NIDID":"OH00032"}},
"geometry":{"type":"Point","coordinates":[-81.00245,41.04607]}},
{"type":"Feature","properties":{"provider":"LRP","code":"Braddock","slug":"braddock","elevation":709.66,"horizontal_datum":"WGS84","vertical_datum":"NGVD29","state":"PA","kind":"PROJECT","nearest_city":"Swissvale","public_name":"Braddock L/D","location_code":16570111,"nidid":"","aliases":{"NIDID":"PA00120"}},
"geometry":{"type":"Point","coordinates":[-79.85824,40.39005]}},
{"type":"Feature","properties":{"provider":"LRP","code":"Conemaugh","slug":"conemaugh","elevation":0,"horizontal_datum":"WGS84","vertical_datum":"NAVD88","state":"PA","kind":"PROJECT","nearest_city":"Indiana","public_name":"Conemaugh River Lake","location_code":16920111,"nidid":"","aliases":{"NIDID":"PA00101"}},
"geometry":{"type":"Point","coordinates":[-79.3661,40.46816]}},
{"type":"Feature","properties":{"provider":"LRP","code":"CrookedCreek","slug":"crookedcreek","elevation":0,"horizontal_datum":"WGS84","vertical_datum":"NAVD88","state":"PA","kind":"PROJECT","nearest_city":"Harrison Township","public_name":"Crooked Creek Lake","location_code":16617111,"nidid":"","aliases":{"NIDID":"PA00102"}},
"geometry":{"type":"Point","coordinates":[-79.5101,40.71532]}},
{"type":"Feature","properties":{"provider":"LRP","code":"Dashields","slug":"dashields","elevation":null,"horizontal_datum":"WGS84","vertical_datum":"","state":"PA","kind":"PROJECT","nearest_city":"Aliquippa","public_name":"Dashields L/D","location_code":16904111,"nidid":"","aliases":{"NIDID":"PA00127"}},
"geometry":{"type":"Point","coordinates":[-80.20395,40.55067]}},
{"type":"Feature","properties":{"provider":"LRP","code":"EastBranch","slug":"eastbranch","elevation":0,"horizontal_datum":"WGS84","vertical_datum":"NAVD88","state":"PA","kind":"PROJECT","nearest_city":"Olean","public_name":"East Branch Clarion River Lake","location_code":16634111,"nidid":"","aliases":{"NIDID":"PA00104"}},
"geometry":{"type":"Point","coordinates":[-78.59389,41.55884]}},
{"type":"Feature","properties":{"provider":"LRP","code":"Emsworth","slug":"emsworth","elevation":680,"horizontal_datum":"WGS84","vertical_datum":"NGVD29","state":"PA","kind":"PROJECT","nearest_city":"Ross Township","public_name":"Emsworth L/D","location_code":16639111,"nidid":"","aliases":{"NIDID":"PA00126"}},
"geometry":{"type":"Point","coordinates":[-80.08956,40.50302]}},
{"type":"Feature","properties":{"provider":"LRP","code":"GraysLanding","slug":"grayslanding","elevation":769,"horizontal_datum":"WGS84","vertical_datum":"NGVD29","state":"PA","kind":"PROJECT","nearest_city":"Morgantown","public_name":"Grays Landing L/D","location_code":17288111,"nidid":"","aliases":{"NIDID":"PA00124"}},
"geometry":{"type":"Point","coordinates":[-79.92203,39.82355]}},
{"type":"Feature","properties":{"provider":"LRP","code":"Hannibal","slug":"hannibal","elevation":589.23,"horizontal_datum":"WGS84","vertical_datum":"NAVD88","state":"WV","kind":"PROJECT","nearest_city":"Wheeling","public_name":"Hannibal L/D","location_code":16656111,"nidid":"","aliases":{"NIDID":"WV10301"}},
"geometry":{"type":"Point","coordinates":[-80.86346,39.66711]}},
{"type":"Feature","properties":{"provider":"LRP","code":"Hildebrand","slug":"hildebrand","elevation":804.58,"horizontal_datum":"WGS84","vertical_datum":"NAVD88","state":"WV","kind":"PROJECT","nearest_city":"Fairmont","public_name":"Hildebrand L/D","location_code":16832111,"nidid":"","aliases":{"NIDID":"WV06107"}},
"geometry":{"type":"Point","coordinates":[-80.00998,39.58247]}},
{"type":"Feature","properties":{"provider":"LRP","code":"Kinzua","slug":"kinzua","elevation":0,"horizontal_datum":"WGS84","vertical_datum":"NAVD88","state":"PA","kind":"PROJECT","nearest_city":"Jamestown","public_name":"Kinzua Dam & Allegheny Reservoir","location_code":16680111,"nidid":"","aliases":{"NIDID":"PA00105"}},
"geometry":{"type":"Point","coordinates":[-79.00382,41.83849]}},
{"type":"Feature","properties":{"provider":"LRP","code":"Sharpsburg","slug":"sharpsburg","elevation":712,"horizontal_datum":"WGS84","vertical_datum":"NGVD29","state":"PA","kind":"PROJECT","nearest_city":"Shaler Township","public_name":"L/D-2, Sharpsburg","location_code":16506111,"nidid":"","aliases":{"NIDID":"PA00112"}},
"geometry":{"type":"Point","coordinates":[-79.91386,40.48954]}},
{"type":"Feature","properties":{"provider":"LRP","code":"Acmetonia","slug":"acmetonia","elevation":725.8,"horizontal_datum":"WGS84","vertical_datum":"NGVD29","state":"PA","kind":"PROJECT","nearest_city":"New Kensington","public_name":"L/D-3, CW Bill Young","location_code":17106111,"nidid":"","aliases":{"NIDID":"PA00113"}},
"geometry":{"type":"Point","coordinates":[-79.81538,40.53832]}},
{"type":"Feature","properties":{"provider":"LRP","code":"Elizabeth","slug":"elizabeth","elevation":717.9,"horizontal_datum":"WGS84","vertical_datum":"NGVD29","state":"PA","kind":"PROJECT","nearest_city":"McKeesport","public_name":"L/D-3, Elizabeth","location_code":16940111,"nidid":"","aliases":{"NIDID":"PA00121"}},
"geometry":{"type":"Point","coordinates":[-79.90007,40.26513]}},
{"type":"Feature","properties":{"provider":"LRP","code":"Charleroi","slug":"charleroi","elevation":717.9,"horizontal_datum":"WGS84","vertical_datum":"NGVD29","state":"PA","kind":"PROJECT","nearest_city":"McKeesport","public_name":"L/D-4, Charleroi","location_code":16602111,"nidid":"","aliases":{"NIDID":"PA00122"}},
"geometry":{"type":"Point","coordinates":[-79.90012,40.14615]}},
{"type":"Feature","properties":{"provider":"LRP","code":"Natrona","slug":"natrona","elevation":736.36,"horizontal_datum":"WGS84","vertical_datum":"NGVD29","state":"PA","kind":"PROJECT","nearest_city":"Harrison Township","public_name":"L/D-4, Natrona","location_code":17055111,"nidid":"","aliases":{"NIDID":"PA00114"}},
"geometry":{"type":"Point","coordinates":[-79.71724,40.61335]}},
{"type":"Feature","properties":{"provider":"LRP","code":"Freeport","slug":"freeport","elevation":748,"horizontal_datum":"WGS84","vertical_datum":"NGVD29","state":"PA","kind":"PROJECT","nearest_city":"Harrison Township","public_name":"L/D-5, Freeport","location_code":16534111,"nidid":"","aliases":{"NIDID":"PA00115"}},
"geometry":{"type":"Point","coordinates":[-79.66643,40.68357]}},
{"type":"Feature","properties":{"provider":"LRP","code":"Clinton","slug":"clinton","elevation":760.4,"horizontal_datum":"WGS84","vertical_datum":"NGVD29","state":"PA","kind":"PROJECT","nearest_city":"Harrison Township","public_name":"L/D-6, Clinton","location_code":17133111,"nidid":"","aliases":{"NIDID":"PA00116"}},
"geometry":{"type":"Point","coordinates":[-79.57887,40.71603]}},
{"type":"Feature","properties":{"provider":"LRP","code":"Kittanning","slug":"kittanning","elevation":773.4,"horizontal_datum":"WGS84","vertical_datum":"NGVD29","state":"PA","kind":"PROJECT","nearest_city":"Harrison Township","public_name":"L/D-7, Kittanning","location_code":16961111,"nidid":"","aliases":{"NIDID":"PA00117"}},
"geometry":{"type":"Point","coordinates":[-79.52844,40.81958]}},
{"type":"Feature","properties":{"provider":"LRP","code":"Mosgrove","slug":"mosgrove","elevation":791.2,"horizontal_datum":"WGS84","vertical_datum":"NGVD29","state":"PA","kind":"PROJECT","nearest_city":"Butler","public_name":"L/D-8, Mosgrove","location_code":16550111,"nidid":"","aliases":{"NIDID":"PA00118"}},
"geometry":{"type":"Point","coordinates":[-79.47781,40.89551]}},
{"type":"Feature","properties":{"provider":"LRP","code":"Rimer","slug":"rimer","elevation":813.2,"horizontal_datum":"WGS84","vertical_datum":"NGVD29","state":"PA","kind":"PROJECT","nearest_city":"Butler","public_name":"L/D-9, Rimer","location_code":16852111,"nidid":"","aliases":{"NIDID":"PA00119"}},
"geometry":{"type":"Point","coordinates":[-79.54875,40.95632]}},
{"type":"Feature","properties":{"provider":"LRP","code":"Loyalhanna","slug":"loyalhanna","elevation":0,"horizontal_datum":"WGS84","vertical_datum":"NAVD88","state":"PA","kind":"PROJECT","nearest_city":"Municipality of Murrysville","public_name":"Loyalhanna Lake","location_code":16696111,"nidid":"","aliases":{"NIDID":"PA00106"}},
"geometry":{"type":"Point","coordinates":[-79.45137,40.45681]}},
{"type":"Feature","properties":{"provider":"LRP","code":"Mahoning","slug":"mahoning","elevation":0,"horizontal_datum":"WGS84","vertical_datum":"NAVD88","state":"PA","kind":"PROJECT","nearest_city":"Harrison Township","public_name":"Mahoning Creek Lake","location_code":16701111,"nidid":"","aliases":{"NIDID":"PA00107"}},
"geometry":{"type":"Point","coordinates":[-79.27787,40.92172]}},
{"type":"Feature","properties":{"provider":"LRP","code":"Maxwell","slug":"maxwell","elevation":734.5,"horizontal_datum":"WGS84","vertical_datum":"NGVD29","state":"PA","kind":"PROJECT","nearest_city":"Washington","public_name":"Maxwell L/D","location_code":16467111,"nidid":"","aliases":{"NIDID":"PA00123"}},
"geometry":{"type":"Point","coordinates":[-79.95964,40.00227]}},
{"type":"Feature","properties":{"provider":"LRP","code":"MJKirwan","slug":"mjkirwan","elevation":0,"horizontal_datum":"WGS84","vertical_datum":"NAVD88","state":"OH","kind":"PROJECT","nearest_city":"Ravenna","public_name":"Michael J Kirwan Dam & Reservoir","location_code":17023111,"nidid":"","aliases":{"NIDID":"OH00030"}},
"geometry":{"type":"Point","coordinates":[-81.07906,41.15614]}},
{"type":"Feature","properties":{"provider":"LRP","code":"Montgomery","slug":"montgomery","elevation":653.6,"horizontal_datum":"WGS84","vertical_datum":"NGVD29","state":"PA","kind":"PROJECT","nearest_city":"Aliquippa","public_name":"Montgomery L/D","location_code":16460111,"nidid":"","aliases":{"NIDID":"PA00128"}},
"geometry":{"type":"Point","coordinates":[-80.38601,40.65064]}},
{"type":"Feature","properties":{"provider":"LRP","code":"Morgantown","slug":"morgantown","elevation":787.61,"horizontal_datum":"WGS84","vertical_datum":"NAVD88","state":"WV","kind":"PROJECT","nearest_city":"Fairmont","public_name":"Morgantown L/D","location_code":17040111,"nidid":"","aliases":{"NIDID":"WV06106"}},
"geometry":{"type":"Point","coordinates":[-79.96875,39.61971]}},
{"type":"Feature","properties":{"provider":"LRP","code":"Mosquito","slug":"mosquito","elevation":0,"horizontal_datum":"WGS84","vertical_datum":"NAVD88","state":"OH","kind":"PROJECT","nearest_city":"Warren","public_name":"Mosquito Creek Lake","location_code":16721111,"nidid":"","aliases":{"NIDID":"OH00031"}},
"geometry":{"type":"Point","coordinates":[-80.75731,41.30008]}},
{"type":"Feature","properties":{"provider":"LRP","code":"NewCumberland","slug":"newcumberland","elevation":631.56,"horizontal_datum":"WGS84","vertical_datum":"NAVD88","state":"WV","kind":"PROJECT","nearest_city":"East Liverpool","public_name":"New Cumberland L/D","location_code":16731111,"nidid":"","aliases":{"NIDID":"WV02901"}},
"geometry":{"type":"Point","coordinates":[-80.62518,40.5283]}},
{"type":"Feature","properties":{"provider":"LRP","code":"Opekiska","slug":"opekiska","elevation":825.55,"horizontal_datum":"WGS84","vertical_datum":"NAVD88","state":"WV","kind":"PROJECT","nearest_city":"Fairmont","public_name":"Opekiska L/D","location_code":16855111,"nidid":"","aliases":{"NIDID":"WV06108"}},
"geometry":{"type":"Point","coordinates":[-80.05068,39.56455]}},
{"type":"Feature","properties":{"provider":"LRP","code":"PikeIsland","slug":"pikeisland","elevation":610.62,"horizontal_datum":"WGS84","vertical_datum":"NAVD88","state":"WV","kind":"PROJECT","nearest_city":"Steubenville","public_name":"Pike Island L/D","location_code":16911111,"nidid":"","aliases":{"NIDID":"WV06908"}},
"geometry":{"type":"Point","coordinates":[-80.70305,40.15031]}},
{"type":"Feature","properties":{"provider":"LRP","code":"PointMarion","slug":"pointmarion","elevation":769,"horizontal_datum":"WGS84","vertical_datum":"NGVD29","state":"PA","kind":"PROJECT","nearest_city":"Morgantown","public_name":"Point Marion L/D","location_code":16747111,"nidid":"","aliases":{"NIDID":"PA00125"}},
"geometry":{"type":"Point","coordinates":[-79.91109,39.72712]}},
{"type":"Feature","properties":{"provider":"LRP","code":"Shenango","slug":"shenango","elevation":0,"horizontal_datum":"WGS84","vertical_datum":"NAVD88","state":"PA","kind":"PROJECT","nearest_city":"Sharon","public_name":"Shenango River Lake","location_code":16766111,"nidid":"","aliases":{"NIDID":"PA00111"}},
"geometry":{"type":"Point","coordinates":[-80.46222,41.26453]}},
{"type":"Feature","properties":{"provider":"LRP","code":"StonewallJackson","slug":"stonewalljackson","elevation":0,"horizontal_datum":"WGS84","vertical_datum":"NAVD88","state":"WV","kind":"PROJECT","nearest_city":"Fairmont","public_name":"Stonewall Jackson Lake","location_code":17130111,"nidid":"","aliases":{"NIDID":"WV04114"}},
"geometry":{"type":"Point","coordinates":[-80.47403,39.0033]}},
{"type":"Feature","properties":{"provider":"LRP","code":"Tionesta","slug":"tionesta","elevation":0,"horizontal_datum":"WGS84","vertical_datum":"NAVD88","state":"PA","kind":"PROJECT","nearest_city":"Warren","public_name":"Tionesta Lake","location_code":16798111,"nidid":"","aliases":{"NIDID":"PA00110"}},
"geometry":{"type":"Point","coordinates":[-79.44537,41.47544]}},
{"type":"Feature","properties":{"provider":"LRP","code":"Tygart","slug":"tygart","elevation":0,"horizontal_datum":"WGS84","vertical_datum":"NAVD88","state":"WV","kind":"PROJECT","nearest_city":"Fairmont","public_name":"Tygart Lake","location_code":17172111,"nidid":"","aliases":{"NIDID":"WV09101"}},
"geometry":{"type":"Point","coordinates":[-80.03364,39.31292]}},
{"type":"Feature","properties":{"provider":"LRP","code":"UnionCity","slug":"unioncity","elevation":0,"horizontal_datum":"WGS84","vertical_datum":"NAVD88","state":"PA","kind":"PROJECT","nearest_city":"Erie","public_name":"Union City Dam","location_code":16806111,"nidid":"","aliases":{"NIDID":"PA00103"}},
"geometry":{"type":"Point","coordinates":[-79.90026,41.9205]}},
{"type":"Feature","properties":{"provider":"LRP","code":"Woodcock","slug":"woodcock","elevation":0,"horizontal_datum":"WGS84","vertical_datum":"NAVD88","state":"PA","kind":"PROJECT","nearest_city":"Meadville","public_name":"Woodcock Creek Lake","location_code":16815111,"nidid":"","aliases":{"NIDID":"PA00108"}},
"geometry":{"type":"Point","coordinates":[-80.10214,41.69722]}},
{"type":"Feature","properties":{"provider":"LRP","code":"Youghiogheny","slug":"youghiogheny","elevation":0,"horizontal_datum":"WGS84","vertical_datum":"NAVD88","state":"PA","kind":"PROJECT","nearest_city":"Morgantown","public_name":"Youghiogheny River Lake","location_code":16525111,"nidid":"","aliases":{"NIDID":"PA00109"}},
"geometry":{"type":"Point","coordinates":[-79.36906,39.79845]}},
{"type":"Feature","properties":{"provider":"MVS","code":"Carlyle Lk","slug":"carlyle%20lk","elevation":null,"horizontal_datum":"","vertical_datum":"","state":"IL","kind":"PROJECT","nearest_city":"Carlyle","public_name":"Carlyle Lake Project","location_code":590018,"nidid":"","aliases":{"NIDID":"IL00113"}},
"geometry":{"type":"Point","coordinates":[-89.35229,38.61882]}},
{"type":"Feature","properties":{"provider":"MVS","code":"LD 24","slug":"ld%2024","elevation":421.81,"horizontal_datum":"WGS84","vertical_datum":"NGVD29","state":"MO","kind":"PROJECT","nearest_city":"Clarksville","public_name":"LD 24 Project","location_code":4709018,"nidid":"","aliases":{"NIDID":"MO10300"}},
"geometry":{"type":"Point","coordinates":[-90.907,39.375]}},
{"type":"Feature","properties":{"provider":"MVS","code":"Mark Twain Lk","slug":"mark%20twain%20lk","elevation":null,"horizontal_datum":"","vertical_datum":"","state":"MO","kind":"PROJECT","nearest_city":"Hannibal","public_name":"Mark Twain Lake Project","location_code":412018,"nidid":"","aliases":{"NIDID":"MO82201"}},
"geometry":{"type":"Point","coordinates":[-91.64491,39.52595]}},
{"type":"Feature","properties":{"provider":"MVS","code":"Nav Pool","slug":"nav%20pool","elevation":325,"horizontal_datum":"","vertical_datum":"","state":"IL","kind":"PROJECT","nearest_city":"Ellis Grove, IL","public_name":"Nav Project","location_code":717018,"nidid":"","aliases":{"NIDID":"IL00115"}},
"geometry":{"type":"Point","coordinates":[-89.94611,37.98444]}},
{"type":"Feature","properties":{"provider":"MVS","code":"Rend Lk","slug":"rend%20lk","elevation":null,"horizontal_datum":"","vertical_datum":"","state":"00","kind":"PROJECT","nearest_city":"","public_name":"Rend Lake Project","location_code":773018,"nidid":"","aliases":{"NIDID":"IL00117"}},
"geometry":{"type":"Point","coordinates":[-88.94978,38.0367]}},
{"type":"Feature","properties":{"provider":"MVS","code":"Lk Shelbyville","slug":"lk%20shelbyville","elevation":null,"horizontal_datum":"","vertical_datum":"","state":"IL","kind":"PROJECT","nearest_city":"Shelbyville","public_name":"Shelbyville Lake Project","location_code":553018,"nidid":"","aliases":{"NIDID":"IL00118"}},
"geometry":{"type":"Point","coordinates":[-88.78059,39.40951]}},
{"type":"Feature","properties":{"provider":"MVS","code":"Wappapello Lk","slug":"wappapello%20lk","elevation":347.74,"horizontal_datum":"WGS84","vertical_datum":"NGVD29","state":"MO","kind":"PROJECT","nearest_city":"Poplar Bluff","public_name":"Wappapello Lake Project","location_code":473018,"nidid":"","aliases":{"NIDID":"MO30204"}},
"geometry":{"type":"Point","coordinates":[-90.2844,36.9283]}},
{"type":"Feature","properties":{"provider":"MVP","code":"Baldhill_Dam","slug":"baldhill_dam","elevation":0,"horizontal_datum":"NAD83","vertical_datum":"NGVD29","state":"ND","kind":"PROJECT","nearest_city":"Valley City","public_name":"Baldhill Dam at Lake Ashtabula","location_code":2012016,"nidid":"","aliases":{"USGS Station Number":"05057500","NWS Handbook 5 ID":"BLDN8","CWMS Legacy Naming":"Baldhill_Dam","CWMS Standard Naming":"Baldhill_Dam","NIDID":"ND00309"}},
"geometry":{"type":"Point","coordinates":[-98.08147,47.03618]}},
{"type":"Feature","properties":{"provider":"MVP","code":"MissHW_Sandy","slug":"misshw_sandy","elevation":1207.31,"horizontal_datum":"NAD83","vertical_datum":"NGVD29","state":"MN","kind":"PROJECT","nearest_city":"Libby","public_name":"Big Sandy Lake Dam","location_code":3891016,"nidid":"","aliases":{"NIDID":"MN00583","CWMS Legacy Naming":"MissHW_Sandy","CWMS Standard Naming":"MissHW_Sandy","NWS Handbook 5 ID":"SDYM5"}},
"geometry":{"type":"Point","coordinates":[-93.3283,46.7883]}},
{"type":"Feature","properties":{"provider":"MVP","code":"ChippewaDiv_Dam","slug":"chippewadiv_dam","elevation":0,"horizontal_datum":"NAD83","vertical_datum":"NGVD29","state":"MN","kind":"PROJECT","nearest_city":"Watson","public_name":"Chippewa Diversion Dam","location_code":17276016,"nidid":"","aliases":{"NIDID":"MN00578","CWMS Legacy Naming":"ChippewaDiv_Dam","CWMS Standard Naming":"ChippewaDiv_Dam","USGS Station Number":"05304995","NWS Handbook 5 ID":"WTSM5"}},
"geometry":{"type":"Point","coordinates":[-95.79131,45.02203]}},
{"type":"Feature","properties":{"provider":"MVP","code":"EauGalle_Dam","slug":"eaugalle_dam","elevation":0,"horizontal_datum":"NAD83","vertical_datum":"NGVD29","state":"WI","kind":"PROJECT","nearest_city":"Spring Valley","public_name":"Eau Galle Dam","location_code":3855016,"nidid":"","aliases":{"NIDID":"WI00780","CWMS Legacy Naming":"EauGalle_Dam","CWMS Standard Naming":"EauGalle_Dam","NWS Handbook 5 ID":"SVEW3"}},
"geometry":{"type":"Point","coordinates":[-92.23947,44.85593]}},
{"type":"Feature","properties":{"provider":"MVP","code":"MissHW_Gull","slug":"misshw_gull","elevation":1100,"horizontal_datum":"NAD83","vertical_datum":"NGVD29","state":"MN","kind":"PROJECT","nearest_city":"Brainerd","public_name":"Gull Lake Dam","location_code":3887016,"nidid":"","aliases":{"NIDID":"MN00596","CWMS Legacy Naming":"MissHW_Gull","CWMS Standard Naming":"MissHW_Gull","NWS Handbook 5 ID":"GLLM5"}},
"geometry":{"type":"Point","coordinates":[-94.35358,46.41109]}},
{"type":"Feature","properties":{"provider":"MVP","code":"Highway75_Dam","slug":"highway75_dam","elevation":0,"horizontal_datum":"NAD83","vertical_datum":"NGVD29","state":"MN","kind":"PROJECT","nearest_city":"Odessa","public_name":"Highway 75 Dam","location_code":3883016,"nidid":"","aliases":{"NIDID":"MN00581","CWMS Legacy Naming":"Highway75_Dam","CWMS Standard Naming":"Highway75_Dam"}},
"geometry":{"type":"Point","coordinates":[-96.29788,45.2483]}},
{"type":"Feature","properties":{"provider":"MVP","code":"Homme_Dam","slug":"homme_dam","elevation":1000,"horizontal_datum":"NAD83","vertical_datum":"NGVD29","state":"ND","kind":"PROJECT","nearest_city":"Park River","public_name":"Homme Dam","location_code":3826016,"nidid":"","aliases":{"USGS Station Number":"05088500","CWMS Legacy Naming":"Homme_Dam","CWMS Standard Naming":"Homme_Dam","NWS Handbook 5 ID":"HOMN8","NIDID":"ND00310"}},
"geometry":{"type":"Point","coordinates":[-97.7898,48.40554]}},
{"type":"Feature","properties":{"provider":"MVP","code":"LacQuiParle_Dam","slug":"lacquiparle_dam","elevation":0,"horizontal_datum":"NAD83","vertical_datum":"NGVD29","state":"MN","kind":"PROJECT","nearest_city":"Watson","public_name":"Lac qui Parle Dam","location_code":3875016,"nidid":"","aliases":{"NIDID":"MN00580","CWMS Legacy Naming":"LacQuiParle_Dam","CWMS Standard Naming":"LacQuiParle_Dam","NWS Handbook 5 ID":"LAQM5"}},
"geometry":{"type":"Point","coordinates":[-95.86858,45.02216]}},
{"type":"Feature","properties":{"provider":"MVP","code":"LakeDarling_Dam","slug":"lakedarling_dam","elevation":0,"horizontal_datum":"NAD83","vertical_datum":"NGVD29","state":"ND","kind":"PROJECT","nearest_city":"Minot","public_name":"Lake Darling Dam","location_code":28450016,"nidid":"","aliases":{"NIDID":"ND00332","CWMS Legacy Naming":"LakeDarling_Dam","CWMS Standard Naming":"LakeDarling_Dam","NWS Handbook 5 ID":"DARN8","USGS Station Number":"05115500"}},
"geometry":{"type":"Point","coordinates":[-101.58377,48.45807]}},
{"type":"Feature","properties":{"provider":"MVP","code":"MissHW_Winni","slug":"misshw_winni","elevation":1200,"horizontal_datum":"NAD83","vertical_datum":"NGVD29","state":"MN","kind":"PROJECT","nearest_city":"Bemidji","public_name":"Lake Winnibigoshish Dam","location_code":3859016,"nidid":"","aliases":{"DCP Platform ID":"CE7DCFD4","CWMS Legacy Naming":"MissHW_Winni","CWMS Standard Naming":"MissHW_Winni","NWS Handbook 5 ID":"WNBM5","NIDID":"MN00586"}},
"geometry":{"type":"Point","coordinates":[-94.05,47.43]}},
{"type":"Feature","properties":{"provider":"MVP","code":"MissHW_Leech","slug":"misshw_leech","elevation":1200,"horizontal_datum":"NAD83","vertical_datum":"NGVD29","state":"MN","kind":"PROJECT","nearest_city":"Federal Dam","public_name":"Leech Lake Dam","location_code":3879016,"nidid":"","aliases":{"NIDID":"MN00585","CWMS Legacy Naming":"MissHW_Leech","CWMS Standard Naming":"MissHW_Leech","NWS Handbook 5 ID":"FEDM5"}},
"geometry":{"type":"Point","coordinates":[-94.22184,47.24747]}},
{"type":"Feature","properties":{"provider":"MVP","code":"LockDam_01","slug":"lockdam_01","elevation":600,"horizontal_datum":"NAD83","vertical_datum":"LOCAL","state":"MN","kind":"PROJECT","nearest_city":"Minneapolis","public_name":"Lock and Dam 1","location_code":4570016,"nidid":"","aliases":{"NIDID":"MN00593","CWMS Legacy Naming":"LockDam_01","CWMS Standard Naming":"LockDam_01","NWS Handbook 5 ID":"SPAM5"}},
"geometry":{"type":"Point","coordinates":[-93.20233,44.91574]}},
{"type":"Feature","properties":{"provider":"MVP","code":"LockDam_10","slug":"lockdam_10","elevation":600,"horizontal_datum":"NAD83","vertical_datum":"LOCAL","state":"IA","kind":"PROJECT","nearest_city":"Guttenberg","public_name":"Lock and Dam 10","location_code":4580016,"nidid":"","aliases":{"NIDID":"IA04014","CWMS Legacy Naming":"LockDam_10","CWMS Standard Naming":"LockDam_10","NWS Handbook 5 ID":"GTTI4"}},
"geometry":{"type":"Point","coordinates":[-91.09593,42.78625]}},
{"type":"Feature","properties":{"provider":"MVP","code":"LockDam_02","slug":"lockdam_02","elevation":600,"horizontal_datum":"NAD83","vertical_datum":"LOCAL","state":"MN","kind":"PROJECT","nearest_city":"Hastings","public_name":"Lock and Dam 2","location_code":4571016,"nidid":"","aliases":{"NIDID":"MN00594","CWMS Legacy Naming":"LockDam_02","CWMS Standard Naming":"LockDam_02","NWS Handbook 5 ID":"HSTM5"}},
"geometry":{"type":"Point","coordinates":[-92.87128,44.7621]}},
{"type":"Feature","properties":{"provider":"MVP","code":"LockDam_03","slug":"lockdam_03","elevation":600,"horizontal_datum":"NAD83","vertical_datum":"LOCAL","state":"MN","kind":"PROJECT","nearest_city":"Red Wing","public_name":"Lock and Dam 3","location_code":4572016,"nidid":"","aliases":{"NIDID":"MN00595","CWMS Legacy Naming":"LockDam_03","CWMS Standard Naming":"LockDam_03","NWS Handbook 5 ID":"RDWM5"}},
"geometry":{"type":"Point","coordinates":[-92.61027,44.61027]}},
{"type":"Feature","properties":{"provider":"MVP","code":"LockDam_04","slug":"lockdam_04","elevation":600,"horizontal_datum":"NAD83","vertical_datum":"LOCAL","state":"WI","kind":"PROJECT","nearest_city":"Alma","public_name":"Lock and Dam 4","location_code":4573016,"nidid":"","aliases":{"NIDID":"WI00727","CWMS Legacy Naming":"LockDam_04","CWMS Standard Naming":"LockDam_04","NWS Handbook 5 ID":"ALMW3"}},
"geometry":{"type":"Point","coordinates":[-91.91989,44.32748]}},
{"type":"Feature","properties":{"provider":"MVP","code":"LockDam_05","slug":"lockdam_05","elevation":600,"horizontal_datum":"NAD83","vertical_datum":"LOCAL","state":"MN","kind":"PROJECT","nearest_city":"Minnesota City","public_name":"Lock and Dam 5","location_code":4574016,"nidid":"","aliases":{"NIDID":"MN00589","CWMS Legacy Naming":"LockDam_05","CWMS Standard Naming":"LockDam_05","NWS Handbook 5 ID":"MSCM5"}},
"geometry":{"type":"Point","coordinates":[-91.81424,44.16092]}},
{"type":"Feature","properties":{"provider":"MVP","code":"LockDam_05a","slug":"lockdam_05a","elevation":600,"horizontal_datum":"NAD83","vertical_datum":"LOCAL","state":"WI","kind":"PROJECT","nearest_city":"Fountain City","public_name":"Lock and Dam 5A","location_code":4575016,"nidid":"","aliases":{"NIDID":"MN00588","CWMS Legacy Naming":"LockDam_05a","CWMS Standard Naming":"LockDam_05a","NWS Handbook 5 ID":"WIDM5"}},
"geometry":{"type":"Point","coordinates":[-91.67223,44.08906]}},
{"type":"Feature","properties":{"provider":"MVP","code":"LockDam_06","slug":"lockdam_06","elevation":600,"horizontal_datum":"NAD83","vertical_datum":"LOCAL","state":"WI","kind":"PROJECT","nearest_city":"Winona","public_name":"Lock and Dam 6","location_code":4576016,"nidid":"","aliases":{"NIDID":"WI00802","CWMS Legacy Naming":"LockDam_06","CWMS Standard Naming":"LockDam_06","NWS Handbook 5 ID":"TREW3"}},
"geometry":{"type":"Point","coordinates":[-91.43934,44.00128]}},
{"type":"Feature","properties":{"provider":"MVP","code":"LockDam_07","slug":"lockdam_07","elevation":600,"horizontal_datum":"NAD83","vertical_datum":"LOCAL","state":"MN","kind":"PROJECT","nearest_city":"La Crescent","public_name":"Lock and Dam 7","location_code":4577016,"nidid":"","aliases":{"NIDID":"MN00587","CWMS Legacy Naming":"LockDam_07","CWMS Standard Naming":"LockDam_07","NWS Handbook 5 ID":"LCRM5"}},
"geometry":{"type":"Point","coordinates":[-91.31139,43.86731]}},
{"type":"Feature","properties":{"provider":"MVP","code":"LockDam_08","slug":"lockdam_08","elevation":600,"horizontal_datum":"NAD83","vertical_datum":"LOCAL","state":"WI","kind":"PROJECT","nearest_city":"Genoa","public_name":"Lock and Dam 8","location_code":4578016,"nidid":"","aliases":{"NIDID":"WI00803","CWMS Legacy Naming":"LockDam_08","CWMS Standard Naming":"LockDam_08","NWS Handbook 5 ID":"GENW3"}},
"geometry":{"type":"Point","coordinates":[-91.22949,43.57235]}},
{"type":"Feature","properties":{"provider":"MVP","code":"LockDam_09","slug":"lockdam_09","elevation":600,"horizontal_datum":"NAD83","vertical_datum":"LOCAL","state":"WI","kind":"PROJECT","nearest_city":"Lynxville","public_name":"Lock and Dam 9","location_code":4579016,"nidid":"","aliases":{"NIDID":"WI00733","CWMS Legacy Naming":"LockDam_09","CWMS Standard Naming":"LockDam_09","NWS Handbook 5 ID":"LYNW3"}},
"geometry":{"type":"Point","coordinates":[-91.09713,43.21296]}},
{"type":"Feature","properties":{"provider":"MVP","code":"LowerSAFalls","slug":"lowersafalls","elevation":null,"horizontal_datum":"NAD83","vertical_datum":"LOCAL","state":"MN","kind":"PROJECT","nearest_city":"Minneapolis","public_name":"Lower St. Anthony Falls","location_code":26050016,"nidid":"","aliases":{"NIDID":"MN00591","CWMS Legacy Naming":"LowerSAFalls","CWMS Standard Naming":"LowerSAFalls","NWS Handbook 5 ID":"LSAM5"}},
"geometry":{"type":"Point","coordinates":[-93.2466,44.9783]}},
{"type":"Feature","properties":{"provider":"MVP","code":"MarshLake_Dam","slug":"marshlake_dam","elevation":0,"horizontal_datum":"NAD83","vertical_datum":"NGVD29","state":"MN","kind":"PROJECT","nearest_city":"Appleton","public_name":"Marsh Lake Dam","location_code":3863016,"nidid":"","aliases":{"NIDID":"MN00579","CWMS Legacy Naming":"MarshLake_Dam","CWMS Standard Naming":"MarshLake_Dam","NWS Handbook 5 ID":"MLDM5"}},
"geometry":{"type":"Point","coordinates":[-96.09333,45.17139]}},
{"type":"Feature","properties":{"provider":"MVP","code":"Orwell_Dam","slug":"orwell_dam","elevation":1000,"horizontal_datum":"NAD83","vertical_datum":"LOCAL","state":"MN","kind":"PROJECT","nearest_city":"Fergus Falls","public_name":"Orwell Dam","location_code":2000016,"nidid":"","aliases":{"NWS Handbook 5 ID":"ORWM5","CWMS Legacy Naming":"Orwell_Dam","CWMS Standard Naming":"Orwell_Dam","NIDID":"MN00574","USGS Station Number":"05045950"}},
"geometry":{"type":"Point","coordinates":[-96.17778,46.21667]}},
{"type":"Feature","properties":{"provider":"MVP","code":"MissHW_PineRiver","slug":"misshw_pineriver","elevation":1200,"horizontal_datum":"NAD83","vertical_datum":"NGVD29","state":"MN","kind":"PROJECT","nearest_city":"Crosslake","public_name":"Pine River Dam at Cross Lake","location_code":3871016,"nidid":"","aliases":{"NIDID":"MN00582","CWMS Legacy Naming":"MissHW_PineRiver","CWMS Standard Naming":"MissHW_PineRiver","NWS Handbook 5 ID":"CRLM5"}},
"geometry":{"type":"Point","coordinates":[-94.1116,46.6683]}},
{"type":"Feature","properties":{"provider":"MVP","code":"MissHW_Pokegama","slug":"misshw_pokegama","elevation":1200,"horizontal_datum":"NAD83","vertical_datum":"NGVD29","state":"MN","kind":"PROJECT","nearest_city":"Grand Rapids","public_name":"Pokegama Lake Dam","location_code":3867016,"nidid":"","aliases":{"NIDID":"MN00584","CWMS Legacy Naming":"MissHW_Pokegama","CWMS Standard Naming":"MissHW_Pokegama","NWS Handbook 5 ID":"PKGM5"}},
"geometry":{"type":"Point","coordinates":[-93.5866,47.2483]}},
{"type":"Feature","properties":{"provider":"MVP","code":"RedLake_Dam","slug":"redlake_dam","elevation":null,"horizontal_datum":"NAD83","vertical_datum":"LOCAL","state":"MN","kind":"PROJECT","nearest_city":"Red Lake","public_name":"Red Lake Dam","location_code":3827016,"nidid":"","aliases":{"NWS Handbook 5 ID":"RRDM5","CWMS Legacy Naming":"RedLake_Dam","CWMS Standard Naming":"RedLake_Dam","USGS Station Number":"05074000","NIDID":"MN00573"}},
"geometry":{"type":"Point","coordinates":[-95.2766,47.9566]}},
{"type":"Feature","properties":{"provider":"MVP","code":"TraverseRES_Dam","slug":"traverseres_dam","elevation":900,"horizontal_datum":"NAD83","vertical_datum":"LOCAL","state":"MN","kind":"PROJECT","nearest_city":"Wheaton","public_name":"Reservation Dam at Lake Traverse Reservoir","location_code":3828016,"nidid":"","aliases":{"USGS Station Number":"05049700","CWMS Legacy Naming":"TraverseRES_Dam","CWMS Standard Naming":"TraverseRES_Dam","NWS Handbook 5 ID":"TRAM5","NIDID":"MN00576"}},
"geometry":{"type":"Point","coordinates":[-96.6396,45.7691]}},
{"type":"Feature","properties":{"provider":"MVP","code":"UpperSAFalls","slug":"uppersafalls","elevation":0,"horizontal_datum":"NAD83","vertical_datum":"LOCAL","state":"MN","kind":"PROJECT","nearest_city":"Minneapolis","public_name":"Upper St. Anthony Falls","location_code":26046016,"nidid":"","aliases":{"NIDID":"MN00590","CWMS Legacy Naming":"UpperSAFalls","CWMS Standard Naming":"UpperSAFalls","NWS Handbook 5 ID":"USAM5"}},
"geometry":{"type":"Point","coordinates":[-93.2583,44.9816]}},
{"type":"Feature","properties":{"provider":"MVP","code":"TraverseWR_Dam","slug":"traversewr_dam","elevation":900,"horizontal_datum":"NAD83","vertical_datum":"LOCAL","state":"MN","kind":"PROJECT","nearest_city":"Wheaton","public_name":"White Rock Dam at Mud Lake Reservoir","location_code":3829016,"nidid":"","aliases":{"USGS Station Number":"05049995","NWS Handbook 5 ID":"WHRM5","CWMS Legacy Naming":"TraverseWR_Dam","CWMS Standard Naming":"TraverseWR_Dam","NIDID":"MN00577"}},
"geometry":{"type":"Point","coordinates":[-96.5716,45.8616]}},
{"type":"Feature","properties":{"provider":"NWDM","code":"BEND","slug":"bend","elevation":1420,"horizontal_datum":"","vertical_datum":"NGVD29","state":"SD","kind":"PROJECT","nearest_city":"Pierre","public_name":"Big Bend Dam & Reservoir","location_code":3155030,"nidid":"","aliases":{"NIDID":"SD01092"}},
"geometry":{"type":"Point","coordinates":[-99.44531,44.04104]}},
{"type":"Feature","properties":{"provider":"NWDM","code":"FTPK","slug":"ftpk","elevation":2234,"horizontal_datum":"WGS84","vertical_datum":"NGVD29","state":"MT","kind":"PROJECT","nearest_city":"Williston","public_name":"Fort Peck Dam & Reservoir","location_code":2998030,"nidid":"","aliases":{"NIDID":"MT00025"}},
"geometry":{"type":"Point","coordinates":[-106.418,48.00072]}},
{"type":"Feature","properties":{"provider":"NWDM","code":"FTRA","slug":"ftra","elevation":1350,"horizontal_datum":"WGS84","vertical_datum":"NGVD29","state":"SD","kind":"PROJECT","nearest_city":"Mitchell","public_name":"Fort Randall Dam & Reservoir","location_code":3091030,"nidid":"","aliases":{"NIDID":"SD01093"}},
"geometry":{"type":"Point","coordinates":[-98.55327,43.0674]}},
{"type":"Feature","properties":{"provider":"NWDM","code":"GARR","slug":"garr","elevation":null,"horizontal_datum":"WGS84","vertical_datum":"NGVD29","state":"ND","kind":"PROJECT","nearest_city":"Mandan","public_name":"Garrison Dam & Reservoir","location_code":3161030,"nidid":"","aliases":{"NIDID":"ND00145"}},
"geometry":{"type":"Point","coordinates":[-101.43246,47.50498]}},
{"type":"Feature","properties":{"provider":"NWDM","code":"GAPT","slug":"gapt","elevation":1206,"horizontal_datum":"","vertical_datum":"NGVD29","state":"SD","kind":"PROJECT","nearest_city":"Yankton","public_name":"Gavins Point Dam & Reservoir","location_code":3097030,"nidid":"","aliases":{"NIDID":"SD01094"}},
"geometry":{"type":"Point","coordinates":[-97.48253,42.85038]}},
{"type":"Feature","properties":{"provider":"NWDM","code":"OAHE","slug":"oahe","elevation":null,"horizontal_datum":"WGS84","vertical_datum":"NGVD29","state":"SD","kind":"PROJECT","nearest_city":"Pierre","public_name":"Oahe Dam & Reservoir","location_code":4008030,"nidid":"","aliases":{"NIDID":"SD01095"}},
"geometry":{"type":"Point","coordinates":[-100.40533,44.45003]}},
{"type":"Feature","properties":{"provider":"NWW","code":"AND","slug":"and","elevation":4206,"horizontal_datum":"WGS84","vertical_datum":"NGVD29","state":"ID","kind":"PROJECT","nearest_city":"Boise","public_name":"Anderson Ranch Dam nr Mtn Home","location_code":51653029,"nidid":"","aliases":{"NIDID":"ID00279","DCP Platform ID":"345E766C","USBR Station ID":"AND","NWS Handbook 5 ID":"ARAI1"}},
"geometry":{"type":"Point","coordinates":[-115.44934,43.35978]}},
{"type":"Feature","properties":{"provider":"NWW","code":"ARK","slug":"ark","elevation":3219.75,"horizontal_datum":"WGS84","vertical_datum":"NGVD29","state":"ID","kind":"PROJECT","nearest_city":"Boise","public_name":"Arrowrock Dam","location_code":47639029,"nidid":"","aliases":{"NIDID":"ID00280","DCP Platform ID":"347D061C","USBR Station ID":"ARK","NWS Handbook 5 ID":"ARKI1"}},
"geometry":{"type":"Point","coordinates":[-115.92251,43.59529]}},
{"type":"Feature","properties":{"provider":"NWW","code":"BEU","slug":"beu","elevation":3348,"horizontal_datum":"WGS84","vertical_datum":"NGVD29","state":"OR","kind":"PROJECT","nearest_city":"Caldwell","public_name":"Beulah","location_code":48416029,"nidid":"","aliases":{"NIDID":"OR00589","DCP Platform ID":"34849736","USBR Station ID":"BEU"}},
"geometry":{"type":"Point","coordinates":[-118.15545,43.9117]}},
{"type":"Feature","properties":{"provider":"NWW","code":"BRN","slug":"brn","elevation":2090,"horizontal_datum":"WGS84","vertical_datum":"NGVD29","state":"OR","kind":"PROJECT","nearest_city":"Caldwell","public_name":"Brownlee","location_code":57425029,"nidid":"","aliases":{"NIDID":"OR00704"}},
"geometry":{"type":"Point","coordinates":[-116.90139,44.83646]}},
{"type":"Feature","properties":{"provider":"NWW","code":"BUL","slug":"bul","elevation":2529,"horizontal_datum":"WGS84","vertical_datum":"NGVD29","state":"OR","kind":"PROJECT","nearest_city":"Caldwell","public_name":"Bully Cr Res near Vale","location_code":48373029,"nidid":"","aliases":{"NIDID":"OR00578","DCP Platform ID":"3474D628","USBR Station ID":"BUL","NWS Handbook 5 ID":"BULO3"}},
"geometry":{"type":"Point","coordinates":[-117.39644,44.01607]}},
{"type":"Feature","properties":{"provider":"NWW","code":"DWR","slug":"dwr","elevation":1613,"horizontal_datum":"WSG84","vertical_datum":"NGVD29","state":"ID","kind":"PROJECT","nearest_city":"Moscow","public_name":"DWORSHAK DAM AND RESERVOIR","location_code":50524029,"nidid":"","aliases":{"NIDID":"ID00287"}},
"geometry":{"type":"Point","coordinates":[-116.2961,46.51]}},
{"type":"Feature","properties":{"provider":"NWW","code":"HCD","slug":"hcd","elevation":1695,"horizontal_datum":"WGS84","vertical_datum":"NGVD29","state":"OR","kind":"PROJECT","nearest_city":"La Grande","public_name":"Hells Canyon Dam","location_code":57422029,"nidid":"","aliases":{"NIDID":"OR00250"}},
"geometry":{"type":"Point","coordinates":[-116.70146,45.24292]}},
{"type":"Feature","properties":{"provider":"NWW","code":"IHR","slug":"ihr","elevation":451,"horizontal_datum":"WGS84","vertical_datum":"NGVD29","state":"WA","kind":"PROJECT","nearest_city":"Kennewick","public_name":"Ice Harbor Lock and Dam","location_code":50355029,"nidid":"","aliases":{"NIDID":"WA00347"}},
"geometry":{"type":"Point","coordinates":[-118.87995,46.25007]}},
{"type":"Feature","properties":{"provider":"NWW","code":"LGS","slug":"lgs","elevation":651,"horizontal_datum":"WGS84","vertical_datum":"NGVD29","state":"WA","kind":"PROJECT","nearest_city":"Walla Walla","public_name":"Little Goose Lock and Dam","location_code":50311029,"nidid":"","aliases":{"NIDID":"WA00331"}},
"geometry":{"type":"Point","coordinates":[-118.02738,46.58563]}},
{"type":"Feature","properties":{"provider":"NWW","code":"WOD","slug":"wod","elevation":5100,"horizontal_datum":"WGS84","vertical_datum":"NGVD29","state":"ID","kind":"PROJECT","nearest_city":"Pocatello","public_name":"Little Wood Res near Carey","location_code":48966029,"nidid":"","aliases":{"NIDID":"ID00041","DCP Platform ID":"3443B78A","USBR Station ID":"WOD","NWS Handbook 5 ID":"LWRI1"}},
"geometry":{"type":"Point","coordinates":[-114.02722,43.42528]}},
{"type":"Feature","properties":{"provider":"NWW","code":"LWG","slug":"lwg","elevation":751,"horizontal_datum":"WGS84","vertical_datum":"NGVD29","state":"WA","kind":"PROJECT","nearest_city":"Pullman","public_name":"Lower Granite Lock and Dam","location_code":50459029,"nidid":"","aliases":{"NWS Handbook 5 ID":"LGDW1","NIDID":"WA00349","USGS Station Number":"13343590","DCP Platform ID":"D11114E8"}},
"geometry":{"type":"Point","coordinates":[-117.42848,46.66033]}},
{"type":"Feature","properties":{"provider":"NWW","code":"LMN","slug":"lmn","elevation":553,"horizontal_datum":"WGS84","vertical_datum":"NGVD29","state":"WA","kind":"PROJECT","nearest_city":"Walla Walla","public_name":"Lower Monumental Lock and Dam","location_code":50408029,"nidid":"","aliases":{"NIDID":"WA00270","USGS Station Number":"13352595"}},
"geometry":{"type":"Point","coordinates":[-118.53837,46.56269]}},
{"type":"Feature","properties":{"provider":"NWW","code":"LUC","slug":"luc","elevation":3078,"horizontal_datum":"WGS84","vertical_datum":"NGVD29","state":"ID","kind":"PROJECT","nearest_city":"Boise","public_name":"Lucky Peak Dam","location_code":48176029,"nidid":"","aliases":{"NWS Handbook 5 ID":"LUCI1","NIDID":"ID00288","DCP Platform ID":"34413AB8","USBR Station ID":"LUC"}},
"geometry":{"type":"Point","coordinates":[-116.05361,43.52793]}},
{"type":"Feature","properties":{"provider":"NWW","code":"PHL","slug":"phl","elevation":3898,"horizontal_datum":"WGS84","vertical_datum":"NGVD29","state":"OR","kind":"PROJECT","nearest_city":"Pendleton","public_name":"Mason Dam&Phillips Lk nr Baker","location_code":47324029,"nidid":"","aliases":{"NIDID":"OR00577","DCP Platform ID":"34441546","USBR Station ID":"PHL","NWS Handbook 5 ID":"NLCI1"}},
"geometry":{"type":"Point","coordinates":[-118,44.67167]}},
{"type":"Feature","properties":{"provider":"NWW","code":"MLL","slug":"mll","elevation":1270,"horizontal_datum":"WGS84","vertical_datum":"NGVD29","state":"WA","kind":"PROJECT","nearest_city":"Walla Walla","public_name":"Mill Creek Dam","location_code":53163029,"nidid":"","aliases":{"NIDID":"WA00348","USGS Station Number":"14013800"}},
"geometry":{"type":"Point","coordinates":[-118.26338,46.06394]}},
{"type":"Feature","properties":{"provider":"NWW","code":"PAL","slug":"pal","elevation":5372,"horizontal_datum":"WGS84","vertical_datum":"NGVD29","state":"ID","kind":"PROJECT","nearest_city":"Idaho Falls","public_name":"Palisades Dam near Irwin","location_code":48389029,"nidid":"","aliases":{"NIDID":"ID00273","DCP Platform ID":"344B50DE","USBR Station ID":"PAL","NWS Handbook 5 ID":"PLDI1"}},
"geometry":{"type":"Point","coordinates":[-111.20318,43.33356]}},
{"type":"Feature","properties":{"provider":"NWW","code":"RIR","slug":"rir","elevation":5128,"horizontal_datum":"WGS84","vertical_datum":"NGVD29","state":"ID","kind":"PROJECT","nearest_city":"Idaho Falls","public_name":"Ririe Dam on Willow Creek","location_code":48913029,"nidid":"","aliases":{"NIDID":"ID00344","DCP Platform ID":"34402B34","USBR Station ID":"RIR","NWS Handbook 5 ID":"RIDI1"}},
"geometry":{"type":"Point","coordinates":[-111.74278,43.58228]}},
{"type":"Feature","properties":{"provider":"NWW","code":"JCK","slug":"jck","elevation":6789,"horizontal_datum":"WGS84","vertical_datum":"NGVD29","state":"WY","kind":"PROJECT","nearest_city":"Idaho Falls","public_name":"Snake R On Jackson Lk @ Dam","location_code":49167029,"nidid":"","aliases":{"NIDID":"WY01385"}},
"geometry":{"type":"Point","coordinates":[-110.58942,43.85769]}},
{"type":"Feature","properties":{"provider":"NWW","code":"WAR","slug":"war","elevation":3305,"horizontal_datum":"WGS84","vertical_datum":"NGVD29","state":"OR","kind":"PROJECT","nearest_city":"Caldwell","public_name":"Warm Springs Dam nr Rvrside","location_code":48790029,"nidid":"","aliases":{"NIDID":"OR00082","DCP Platform ID":"3484B1DA","USBR Station ID":"WAR","NWS Handbook 5 ID":"WRMO3"}},
"geometry":{"type":"Point","coordinates":[-118.20883,43.58544]}},
{"type":"Feature","properties":{"provider":"LRB","code":"Mount Morris","slug":"mount%20morris","elevation":0,"horizontal_datum":"NAD27","vertical_datum":"NGVD29","state":"NY","kind":"PROJECT","nearest_city":"","public_name":"Mount Morris Dam","location_code":1803006,"nidid":"","aliases":{"NIDID":"NY00468"}},
"geometry":{"type":"Point","coordinates":[-77.90708,42.73329]}},
{"type":"Feature","properties":{"provider":"SWL","code":"Lock_02","slug":"lock_02","elevation":0,"horizontal_datum":"NAD83","vertical_datum":"NGVD29","state":"AR","kind":"PROJECT","nearest_city":"Arkansas Post, AR","public_name":"Ark Post Canal - Lock 02","location_code":2920150,"nidid":"","aliases":{"CWMS Legacy Naming":"Lock_02","USGS Station Number":"07078296","NWS Handbook 5 ID":"ACGA4","DCP Platform ID":"CE71301E","CWMS Standard Naming":"Lock_02"}},
"geometry":{"type":"Point","coordinates":[-91.24678,34.02649]}},
{"type":"Feature","properties":{"provider":"SWL","code":"Lock_01","slug":"lock_01","elevation":0,"horizontal_datum":"NAD83","vertical_datum":"NGVD29","state":"AR","kind":"PROJECT","nearest_city":"Yancopin, AR","public_name":"Ark Post Canal - Norrell Lock 01","location_code":2217150,"nidid":"","aliases":{"CWMS Legacy Naming":"Lock_01","USGS Station Number":"07078285","NWS Handbook 5 ID":"NOGA4","NIDID":"AR00161","DCP Platform ID":"CE68B7C8","CWMS Standard Naming":"Lock_01"}},
"geometry":{"type":"Point","coordinates":[-91.19408,34.01955]}},
{"type":"Feature","properties":{"provider":"SWL","code":"Beaver_Dam","slug":"beaver_dam","elevation":0,"horizontal_datum":"WGS84","vertical_datum":"NGVD29","state":"AR","kind":"PROJECT","nearest_city":"Busch","public_name":"Beaver Dam","location_code":1615150,"nidid":"","aliases":{"NID Dam Name":"Beaver Dam","CWMS Legacy Naming":"Beaver_Dam","CWMS Standard Naming":"Beaver_Dam","USGS Station Number":"07049690","NWS Handbook 5 ID":"BVGA4","DCP Platform ID":"CE5CB482","NIDID":"AR00174"}},
"geometry":{"type":"Point","coordinates":[-93.84762,36.42128]}},
{"type":"Feature","properties":{"provider":"SWL","code":"Blue_Mtn_Dam","slug":"blue_mtn_dam","elevation":0,"horizontal_datum":"NAD83","vertical_datum":"NGVD29","state":"AR","kind":"PROJECT","nearest_city":"Waveland","public_name":"Blue Mountain Dam","location_code":562151150,"nidid":"","aliases":{"CWMS Legacy Naming":"Blue_Mtn_Dam","NIDID":"AR00157","CWMS Standard Naming":"Blue_Mtn_Dam"}},
"geometry":{"type":"Point","coordinates":[-93.64918,35.10413]}},
{"type":"Feature","properties":{"provider":"SWL","code":"Bull_Shoals_Dam","slug":"bull_shoals_dam","elevation":0,"horizontal_datum":"WGS84","vertical_datum":"NGVD29","state":"AR","kind":"PROJECT","nearest_city":"Flippin","public_name":"Bull Shoals Dam","location_code":1609150,"nidid":"","aliases":{"NID Dam Name":"Bull Shoals Dam","CWMS Legacy Naming":"Bull_Shoals_Dam","CWMS Standard Naming":"Bull_Shoals_Dam","NWS Handbook 5 ID":"BSGA4","DCP Platform ID":"CE710B56","NIDID":"AR00160"}},
"geometry":{"type":"Point","coordinates":[-92.57485,36.36572]}},
{"type":"Feature","properties":{"provider":"SWL","code":"LD05","slug":"ld05","elevation":0,"horizontal_datum":"NAD83","vertical_datum":"NGVD29","state":"AR","kind":"PROJECT","nearest_city":"Pine Bluff","public_name":"C. D. Maynard Lock & Dam 05","location_code":2121150,"nidid":"","aliases":{"NIDID":"AR00166","CWMS Legacy Naming":"LD05","CWMS Standard Naming":"LD05","NID Dam Name":"LOCK & DAM #5","USGS Station Number":"07263640","NWS Handbook 5 ID":"LNDA4","DCP Platform ID":"CE689124"}},
"geometry":{"type":"Point","coordinates":[-92.10083,34.41278]}},
{"type":"Feature","properties":{"provider":"SWL","code":"Clearwater_Dam","slug":"clearwater_dam","elevation":0,"horizontal_datum":"NAD83","vertical_datum":"NGVD29","state":"MO","kind":"PROJECT","nearest_city":"Piedmont","public_name":"Clearwater Dam","location_code":563324150,"nidid":"","aliases":{"NIDID":"MO30203","CWMS Legacy Naming":"Clearwater_Dam","CWMS Standard Naming":"Clearwater_Dam"}},
"geometry":{"type":"Point","coordinates":[-90.77088,37.13492]}},
{"type":"Feature","properties":{"provider":"SWL","code":"LD10_Dardanelle","slug":"ld10_dardanelle","elevation":0,"horizontal_datum":"NAD83","vertical_datum":"NGVD29","state":"AR","kind":"PROJECT","nearest_city":"Dardanelle","public_name":"Dardanelle Lock & Dam 10","location_code":1776150,"nidid":"","aliases":{"DCP Platform ID":"CE7116F2","CWMS Legacy Naming":"LD10_Dardanelle","CWMS Standard Naming":"LD10_Dardanelle","USGS Station Number":"07257995","NIDID":"AR00162","NID Dam Name":"DARDANELLE LOCK & DAM","NWS Handbook 5 ID":"DRDA4"}},
"geometry":{"type":"Point","coordinates":[-93.17323,35.24731]}},
{"type":"Feature","properties":{"provider":"SWL","code":"LD06","slug":"ld06","elevation":0,"horizontal_datum":"NAD83","vertical_datum":"NGVD29","state":"AR","kind":"PROJECT","nearest_city":"Scott","public_name":"David D. Terry Lock & Dam 06","location_code":1782150,"nidid":"","aliases":{"DCP Platform ID":"CE688C80","CWMS Standard Naming":"LD06","CWMS Legacy Naming":"LD06","USGS Station Number":"07263620","NWS Handbook 5 ID":"DTLA4","NIDID":"AR00172"}},
"geometry":{"type":"Point","coordinates":[-92.15984,34.66837]}},
{"type":"Feature","properties":{"provider":"SWL","code":"DeQueen_Dam","slug":"dequeen_dam","elevation":0,"horizontal_datum":"WGS84","vertical_datum":"NGVD29","state":"AR","kind":"PROJECT","nearest_city":"DeQueen","public_name":"DeQueen Dam","location_code":564386150,"nidid":"","aliases":{"NIDID":"AR01201","CWMS Legacy Naming":"DeQueen_Dam","CWMS Standard Naming":"DeQueen_Dam"}},
"geometry":{"type":"Point","coordinates":[-94.3817,34.0983]}},
{"type":"Feature","properties":{"provider":"SWL","code":"Dierks_Dam","slug":"dierks_dam","elevation":0,"horizontal_datum":"WGS84","vertical_datum":"NGVD29","state":"AR","kind":"PROJECT","nearest_city":"Dierks","public_name":"Dierks Dam","location_code":564415150,"nidid":"","aliases":{"CWMS Legacy Naming":"Dierks_Dam","NIDID":"AR01202","CWMS Standard Naming":"Dierks_Dam"}},
"geometry":{"type":"Point","coordinates":[-94.09675,34.14433]}},
{"type":"Feature","properties":{"provider":"SWL","code":"LD04","slug":"ld04","elevation":0,"horizontal_datum":"NAD83","vertical_datum":"NGVD29","state":"AR","kind":"PROJECT","nearest_city":"Pine Bluff","public_name":"E. Sanders Lock & Dam 04","location_code":2058150,"nidid":"","aliases":{"CWMS Legacy Naming":"LD04","USGS Station Number":"07263706","NWS Handbook 5 ID":"LADA4","NIDID":"AR00167","NID Dam Name":"EMMETT SANDERS LOCK & DAM","DCP Platform ID":"CE689FF6","CWMS Standard Naming":"LD04"}},
"geometry":{"type":"Point","coordinates":[-91.90556,34.24806]}},
{"type":"Feature","properties":{"provider":"SWL","code":"Gillham_Dam","slug":"gillham_dam","elevation":0,"horizontal_datum":"WGS84","vertical_datum":"NGVD29","state":"AR","kind":"PROJECT","nearest_city":"Gillham","public_name":"Gillham Dam","location_code":564421150,"nidid":"","aliases":{"CWMS Legacy Naming":"Gillham_Dam","NIDID":"AR01200","CWMS Standard Naming":"Gillham_Dam"}},
"geometry":{"type":"Point","coordinates":[-94.22833,34.21103]}},
{"type":"Feature","properties":{"provider":"SWL","code":"GreersFerry_Dam","slug":"greersferry_dam","elevation":0,"horizontal_datum":"WGS84","vertical_datum":"NGVD29","state":"AR","kind":"PROJECT","nearest_city":"Heber Springs","public_name":"Greers Ferry Dam","location_code":1946150,"nidid":"","aliases":{"CWMS Legacy Naming":"GreersFerry_Dam","NWS Handbook 5 ID":"GRRA4","NIDID":"AR00173","NID Dam Name":"Greers Ferry Dam","DCP Platform ID":"CE5CA926","CWMS Standard Naming":"GreersFerry_Dam"}},
"geometry":{"type":"Point","coordinates":[-91.99362,35.52103]}},
{"type":"Feature","properties":{"provider":"SWL","code":"LD13","slug":"ld13","elevation":0,"horizontal_datum":"NAD83","vertical_datum":"NGVD29","state":"AR","kind":"PROJECT","nearest_city":"Fort Smith","public_name":"J. W. Trimble Lock & Dam 13","location_code":1524150,"nidid":"","aliases":{"CWMS Legacy Naming":"LD13","USGS Station Number":"07250550","NWS Handbook 5 ID":"BARA4","NIDID":"AR00163","DCP Platform ID":"CE68B91A","CWMS Standard Naming":"LD13"}},
"geometry":{"type":"Point","coordinates":[-94.29729,35.35057]}},
{"type":"Feature","properties":{"provider":"SWL","code":"LD03","slug":"ld03","elevation":0,"horizontal_datum":"NAD83","vertical_datum":"NGVD29","state":"AR","kind":"PROJECT","nearest_city":"Tamo","public_name":"Joe Hardin Lock & Dam 03","location_code":2401150,"nidid":"","aliases":{"CWMS Legacy Naming":"LD03","USGS Station Number":"07263750","NWS Handbook 5 ID":"SWNA4","NIDID":"AR00168","NID Dam Name":"JOE HARDIN LOCK & DAM","DCP Platform ID":"CE68A4BE","CWMS Standard Naming":"LD03"}},
"geometry":{"type":"Point","coordinates":[-91.67889,34.16389]}},
{"type":"Feature","properties":{"provider":"SWL","code":"Millwood_Dam","slug":"millwood_dam","elevation":0,"horizontal_datum":"WGS84","vertical_datum":"NGVD29","state":"AR","kind":"PROJECT","nearest_city":"McNab","public_name":"Millwood Dam","location_code":564428150,"nidid":"","aliases":{"CWMS Legacy Naming":"Millwood_Dam","NIDID":"AR00536","CWMS Standard Naming":"Millwood_Dam"}},
"geometry":{"type":"Point","coordinates":[-93.95851,33.69514]}},
{"type":"Feature","properties":{"provider":"SWL","code":"Mont_Pt_L&D","slug":"mont_pt_l&d","elevation":0,"horizontal_datum":"NAD83","vertical_datum":"NGVD29","state":"AR","kind":"PROJECT","nearest_city":"Yancopin, AR","public_name":"Montgomery Point Lock & Dam","location_code":2201150,"nidid":"","aliases":{"CWMS Legacy Naming":"Mont_Pt_L&D","NWS Handbook 5 ID":"MPDA4","NIDID":"AR01545","NID Dam Name":"MONTGOMERY POINT LOCK & DAM","DCP Platform ID":"CE8D8018","CWMS Standard Naming":"Mont_Pt_L&D"},"levels":null},
"geometry":{"type":"Point","coordinates":[-91.08778,33.94528]}},
{"type":"Feature","properties":{"provider":"SWL","code":"LD07","slug":"ld07","elevation":223.61,"horizontal_datum":"NAD83","vertical_datum":"NGVD29","state":"AR","kind":"PROJECT","nearest_city":"Marche","public_name":"Murray Lock & Dam 07","location_code":2205150,"nidid":"","aliases":{"NIDID":"AR00171","CWMS Legacy Naming":"LD07","CWMS Standard Naming":"LD07","USGS Station Number":"07263450","NWS Handbook 5 ID":"MYLA4","DCP Platform ID":"CE688252"}},
"geometry":{"type":"Point","coordinates":[-92.35778,34.79028]}},
{"type":"Feature","properties":{"provider":"SWL","code":"Nimrod_Dam","slug":"nimrod_dam","elevation":0,"horizontal_datum":"NAD83","vertical_datum":"NGVD29","state":"AR","kind":"PROJECT","nearest_city":"Hollis","public_name":"Nimrod Dam","location_code":565098150,"nidid":"","aliases":{"CWMS Legacy Naming":"Nimrod_Dam","NIDID":"AR00158","CWMS Standard Naming":"Nimrod_Dam"}},
"geometry":{"type":"Point","coordinates":[-93.16033,34.95206]}},
{"type":"Feature","properties":{"provider":"SWL","code":"Norfork_Dam","slug":"norfork_dam","elevation":0,"horizontal_datum":"WGS84","vertical_datum":"NGVD29","state":"AR","kind":"PROJECT","nearest_city":"Norfork","public_name":"Norfork Dam","location_code":2211150,"nidid":"","aliases":{"NID Dam Name":"Norfork Dam","CWMS Legacy Naming":"Norfork_Dam","CWMS Standard Naming":"Norfork_Dam","NWS Handbook 5 ID":"NFDA4","DCP Platform ID":"CE5CA7F4","NIDID":"AR00159"}},
"geometry":{"type":"Point","coordinates":[-92.23786,36.24863]}},
{"type":"Feature","properties":{"provider":"SWL","code":"LD09","slug":"ld09","elevation":0,"horizontal_datum":"NAD83","vertical_datum":"NGVD29","state":"AR","kind":"PROJECT","nearest_city":"Morrilton","public_name":"Ormond Lock & Dam 09","location_code":2131150,"nidid":"","aliases":{"CWMS Legacy Naming":"LD09","USGS Station Number":"07260660","NWS Handbook 5 ID":"MOLA4","NIDID":"AR00165","DCP Platform ID":"CE711820","CWMS Standard Naming":"LD09"}},
"geometry":{"type":"Point","coordinates":[-92.78639,35.12389]}},
{"type":"Feature","properties":{"provider":"SWL","code":"LD12_Ozark","slug":"ld12_ozark","elevation":0,"horizontal_datum":"NAD83","vertical_datum":"NGVD29","state":"AR","kind":"PROJECT","nearest_city":"Ozark, AR","public_name":"Ozark Lock & Dam 12","location_code":2294150,"nidid":"","aliases":{"NIDID":"AR00164","CWMS Legacy Naming":"LD12_Ozark","CWMS Standard Naming":"LD12_Ozark","NWS Handbook 5 ID":"OZGA4","DCP Platform ID":"CE712368"}},
"geometry":{"type":"Point","coordinates":[-93.81,35.47333]}},
{"type":"Feature","properties":{"provider":"SWL","code":"Table_Rock_Dam","slug":"table_rock_dam","elevation":0,"horizontal_datum":"WGS84","vertical_datum":"NGVD29","state":"MO","kind":"PROJECT","nearest_city":"Hollister","public_name":"Table Rock Dam","location_code":1884150,"nidid":"","aliases":{"DCP Platform ID":"CE710584","CWMS Legacy Naming":"Table_Rock_Dam","CWMS Standard Naming":"Table_Rock_Dam","NIDID":"MO30202","NID Dam Name":"Table Rock Dam","NWS Handbook 5 ID":"FORM7"}},
"geometry":{"type":"Point","coordinates":[-93.31106,36.59539]}},
{"type":"Feature","properties":{"provider":"SWL","code":"LD08","slug":"ld08","elevation":0,"horizontal_datum":"NAD83","vertical_datum":"NGVD29","state":"AR","kind":"PROJECT","nearest_city":"Conway","public_name":"Toad Suck Lock & Dam 08","location_code":2413150,"nidid":"","aliases":{"CWMS Legacy Naming":"LD08","USGS Station Number":"07261260","NWS Handbook 5 ID":"TODA4","NIDID":"AR00170","DCP Platform ID":"CE687C04","CWMS Standard Naming":"LD08"}},
"geometry":{"type":"Point","coordinates":[-92.53972,35.07722]}},
{"type":"Feature","properties":{"provider":"SWL","code":"Dam_02","slug":"dam_02","elevation":0,"horizontal_datum":"NAD83","vertical_datum":"NGVD29","state":"AR","kind":"PROJECT","nearest_city":"Arkansas Post","public_name":"Wilbur D. Mills Dam 02","location_code":2209150,"nidid":"","aliases":{"CWMS Legacy Naming":"Dam_02","USGS Station Number":"07265283","NWS Handbook 5 ID":"NAGA4","NIDID":"AR00169","DCP Platform ID":"CE68AA6C","CWMS Standard Naming":"Dam_02"}},
"geometry":{"type":"Point","coordinates":[-91.31306,33.98889]}},
{"type":"Feature","properties":{"provider":"NAB","code":"Almond","slug":"almond","elevation":1200,"horizontal_datum":"WGS84","vertical_datum":"LOCAL","state":"NY","kind":"PROJECT","nearest_city":"Hornell","public_name":"Almond Lake","location_code":1141020,"nidid":"","aliases":{"DCP Platform ID":"CE59652A","NIDID":"NY00740","USGS Station Number":"01523000","SHEF Location ID":"HRLN6"}},
"geometry":{"type":"Point","coordinates":[-77.70621,42.34813]}},
{"type":"Feature","properties":{"provider":"NAB","code":"Bush","slug":"bush","elevation":800,"horizontal_datum":"WGS84","vertical_datum":"LOCAL","state":"PA","kind":"PROJECT","nearest_city":"Renovo","public_name":"Alvin R. Bush Dam","location_code":1081020,"nidid":"","aliases":{"CWMS Legacy Naming":"Bush","NIDID":"PA00002","USGS Station Number":"01544800","SHEF Location ID":"BUSP1","DCP Platform ID":"CE59788E","CWMS Standard Naming":"Bush"}},
"geometry":{"type":"Point","coordinates":[-77.92628,41.36]}},
{"type":"Feature","properties":{"provider":"NAB","code":"Arkport","slug":"arkport","elevation":1200,"horizontal_datum":"NAD27","vertical_datum":"LOCAL","state":"NY","kind":"PROJECT","nearest_city":"Arkport","public_name":"Arkport Dam","location_code":1104020,"nidid":"","aliases":{"USGS Station Number":"01521000","CWMS Legacy Naming":"Arkport","CWMS Standard Naming":"Arkport","NIDID":"NY00856","CBT Station ID":"bgm","SHEF Location ID":"AKLN6","DCP Platform ID":"CE437E42"}},
"geometry":{"type":"Point","coordinates":[-77.71889,42.39583]}},
{"type":"Feature","properties":{"provider":"NAB","code":"Aylesworth","slug":"aylesworth","elevation":1100,"horizontal_datum":"WGS84","vertical_datum":"LOCAL","state":"PA","kind":"PROJECT","nearest_city":"Jermyn","public_name":"Aylesworth Creek Lake","location_code":934020,"nidid":"","aliases":{"NIDID":"PA00001","CWMS Legacy Naming":"Aylesworth","CWMS Standard Naming":"Aylesworth","CBT Station ID":"bgm","SHEF Location ID":"AYLP1","DCP Platform ID":"CE59B342","USGS Station Number":"01534490"}},
"geometry":{"type":"Point","coordinates":[-75.52998,41.52193]}},
{"type":"Feature","properties":{"provider":"NAB","code":"Cowanesque","slug":"cowanesque","elevation":1000,"horizontal_datum":"WGS84","vertical_datum":"LOCAL","state":"PA","kind":"PROJECT","nearest_city":"Lawrenceville","public_name":"Cowanesque Lake","location_code":300020,"nidid":"","aliases":{"NIDID":"PA01134","CBT Station ID":"ctp","SHEF Location ID":"COWP1","DCP Platform ID":"CE5995AE","USGS Station Number":"01519995","CWMS Legacy Naming":"Cowanesque","CWMS Standard Naming":"Cowanesque"}},
"geometry":{"type":"Point","coordinates":[-77.15091,41.98355]}},
{"type":"Feature","properties":{"provider":"NAB","code":"Curwensville","slug":"curwensville","elevation":1100,"horizontal_datum":"WGS84","vertical_datum":"LOCAL","state":"PA","kind":"PROJECT","nearest_city":"Curwensville","public_name":"Curwensville Lake","location_code":30020,"nidid":"","aliases":{"NIDID":"PA00003","CBT Station ID":"ctp","SHEF Location ID":"CRWP1","DCP Platform ID":"CE59880A","USGS Station Number":"01541180","CWMS Legacy Naming":"Curwensville","CWMS Standard Naming":"Curwensville"}},
"geometry":{"type":"Point","coordinates":[-78.5278,40.9536]}},
{"type":"Feature","properties":{"provider":"NAB","code":"East Sidney","slug":"east%20sidney","elevation":1100,"horizontal_datum":"WGS84","vertical_datum":"LOCAL","state":"NY","kind":"PROJECT","nearest_city":"Franklin","public_name":"East Sidney Lake","location_code":245020,"nidid":"","aliases":{"NIDID":"NY01211","CBT Station ID":"bgm","SHEF Location ID":"ESDN6","DCP Platform ID":"CE596BF8","USGS Station Number":"01499500","CWMS Legacy Naming":"East Sidney","CWMS Standard Naming":"East Sidney"}},
"geometry":{"type":"Point","coordinates":[-75.23019,42.32887]}},
{"type":"Feature","properties":{"provider":"NAB","code":"Sayers","slug":"sayers","elevation":600,"horizontal_datum":"WGS84","vertical_datum":"LOCAL","state":"PA","kind":"PROJECT","nearest_city":"Howard","public_name":"Foster Joseph Sayers Dam","location_code":27020,"nidid":"","aliases":{"CWMS Standard Naming":"Sayers","USGS Station Number":"01547480","SHEF Location ID":"SYDP1","NIDID":"PA00005","DCP Platform ID":"CE59765C"}},
"geometry":{"type":"Point","coordinates":[-77.61023,41.04839]}},
{"type":"Feature","properties":{"provider":"NAB","code":"Stevenson","slug":"stevenson","elevation":900,"horizontal_datum":"WGS84","vertical_datum":"NGVD29","state":"PA","kind":"PROJECT","nearest_city":"Sinnemahoning","public_name":"George B. Stevenson Dam","location_code":1132020,"nidid":"","aliases":{"USGS Station Number":"01543900","CWMS Legacy Naming":"Stevenson","CWMS Standard Naming":"Stevenson","NIDID":"PA00914","CBT Station ID":"ctp","SHEF Location ID":"STVP1","DCP Platform ID":"CE5986D8"}},
"geometry":{"type":"Point","coordinates":[-78.02002,41.40844]}},
{"type":"Feature","properties":{"provider":"NAB","code":"Hammond","slug":"hammond","elevation":1000,"horizontal_datum":"WGS84","vertical_datum":"LOCAL","state":"PA","kind":"PROJECT","nearest_city":"Tioga","public_name":"Hammond Lake","location_code":1090020,"nidid":"","aliases":{"USGS Station Number":"01518498","CWMS Legacy Naming":"Hammond","CWMS Standard Naming":"Hammond","NIDID":"PA01133","SHEF Location ID":"TGHP1","DCP Platform ID":"CE5D1852"}},
"geometry":{"type":"Point","coordinates":[-77.14962,41.89921]}},
{"type":"Feature","properties":{"provider":"NAB","code":"Indian Rock","slug":"indian%20rock","elevation":300,"horizontal_datum":"WGS84","vertical_datum":"LOCAL","state":"PA","kind":"PROJECT","nearest_city":"York","public_name":"Indian Rock Dam","location_code":1123020,"nidid":"","aliases":{"USGS Station Number":"01574700","CWMS Legacy Naming":"Indian Rock","CWMS Standard Naming":"Indian Rock","NIDID":"PA00007","CBT Station ID":"ctp","SHEF Location ID":"YRKP1","DCP Platform ID":"CE59BD90"}},
"geometry":{"type":"Point","coordinates":[-76.75381,39.92263]}},
{"type":"Feature","properties":{"provider":"NAB","code":"Randolph","slug":"randolph","elevation":1400,"horizontal_datum":"WGS84","vertical_datum":"LOCAL","state":"WV","kind":"PROJECT","nearest_city":"Elk Garden","public_name":"Jennings Randolph Lake","location_code":421020,"nidid":"","aliases":{"NIDID":"MD00069","CWMS Legacy Naming":"Randolph","CWMS Standard Naming":"Randolph","CBT Station ID":"lwx","DCP Platform ID":"CE436D34","USGS Station Number":"01595790","SHEF Location ID":"BLMW2"}},
"geometry":{"type":"Point","coordinates":[-79.12634,39.42929]}},
{"type":"Feature","properties":{"provider":"NAB","code":"Raystown","slug":"raystown","elevation":700,"horizontal_datum":"WGS84","vertical_datum":"LOCAL","state":"PA","kind":"PROJECT","nearest_city":"Huntingdon","public_name":"Raystown Lake","location_code":14020,"nidid":"","aliases":{"NIDID":"PA00004","CWMS Legacy Naming":"Raystown","CWMS Standard Naming":"Raystown","CBT Station ID":"ctp","SHEF Location ID":"RTDP1","DCP Platform ID":"CE59A034","USGS Station Number":"01563100"}},
"geometry":{"type":"Point","coordinates":[-78.00137,40.42713]}},
{"type":"Feature","properties":{"provider":"NAB","code":"Savage","slug":"savage","elevation":1400,"horizontal_datum":"WGS84","vertical_datum":"LOCAL","state":"MD","kind":"PROJECT","nearest_city":"Swanton","public_name":"Savage River Dam","location_code":160020,"nidid":"","aliases":{"NIDID":"MD00014","CBT Station ID":"lwx","SHEF Location ID":"SRDM2","DCP Platform ID":"CE4363E6","USGS Station Number":"01597490","CWMS Legacy Naming":"Savage","CWMS Standard Naming":"Savage"}},
"geometry":{"type":"Point","coordinates":[-79.13491,39.5076]}},
{"type":"Feature","properties":{"provider":"NAB","code":"Stillwater","slug":"stillwater","elevation":1500,"horizontal_datum":"WGS84","vertical_datum":"LOCAL","state":"PA","kind":"PROJECT","nearest_city":"Forest City","public_name":"Stillwater Lake","location_code":396020,"nidid":"","aliases":{"DCP Platform ID":"CE59AEE6","CBT Station ID":"bgm","SHEF Location ID":"STIP1","USGS Station Number":"01534180","CWMS Legacy Naming":"Stillwater","CWMS Standard Naming":"Stillwater","NIDID":"PA00006"}},
"geometry":{"type":"Point","coordinates":[-75.48322,41.69722]}},
{"type":"Feature","properties":{"provider":"NAB","code":"Tioga","slug":"tioga","elevation":1000,"horizontal_datum":"WGS84","vertical_datum":"LOCAL","state":"PA","kind":"PROJECT","nearest_city":"Tioga","public_name":"Tioga Lake","location_code":1087020,"nidid":"","aliases":{"USGS Station Number":"01517900","CWMS Legacy Naming":"Tioga","CWMS Standard Naming":"Tioga","NIDID":"PA01132","CBT Station ID":"ctp","SHEF Location ID":"TGAP1","DCP Platform ID":"CE599B7C"}},
"geometry":{"type":"Point","coordinates":[-77.13876,41.89835]}},
{"type":"Feature","properties":{"provider":"NAB","code":"Whitney Point","slug":"whitney%20point","elevation":900,"horizontal_datum":"WGS84","vertical_datum":"LOCAL","state":"NY","kind":"PROJECT","nearest_city":"Whitney Point","public_name":"Whitney Point Lake","location_code":281020,"nidid":"","aliases":{"NIDID":"NY01055","SHEF Location ID":"WITN6","DCP Platform ID":"CE437090","USGS Station Number":"01511000","CWMS Legacy Naming":"Whitney Point","CWMS Standard Naming":"Whitney Point"}},
"geometry":{"type":"Point","coordinates":[-75.9657,42.34284]}},
{"type":"Feature","properties":{"provider":"NWDP","code":"ARDB","slug":"ardb","elevation":null,"horizontal_datum":"","vertical_datum":"NGVD29","state":"00","kind":"PROJECT","nearest_city":"Spokane","public_name":"Arrow Dam","location_code":55801029,"nidid":"","aliases":{"NIDID":"CN00003"}},
"geometry":{"type":"Point","coordinates":[-117.7739,49.34216]}},
{"type":"Feature","properties":{"provider":"NWDP","code":"BON","slug":"bon","elevation":null,"horizontal_datum":"WGS84","vertical_datum":"NGVD29","state":"OR","kind":"PROJECT","nearest_city":"","public_name":"Bonneville Lock and Dam","location_code":52381029,"nidid":"","aliases":{"USGS Station Number":"14128860","NIDID":"OR00001"}},
"geometry":{"type":"Point","coordinates":[-121.93889,45.64583]}},
{"type":"Feature","properties":{"provider":"NWDP","code":"CHJ","slug":"chj","elevation":null,"horizontal_datum":"NAD83","vertical_datum":"","state":"WA","kind":"PROJECT","nearest_city":"","public_name":"Chief Joseph Dam","location_code":47836029,"nidid":"","aliases":{"NIDID":"WA00299","USGS Station Number":"12437990"}},
"geometry":{"type":"Point","coordinates":[-119.64108,47.99511]}},
{"type":"Feature","properties":{"provider":"NWDP","code":"DCDB","slug":"dcdb","elevation":1870,"horizontal_datum":"","vertical_datum":"","state":"00","kind":"PROJECT","nearest_city":"Coeur d'Alene","public_name":"Duncan Dam","location_code":47473029,"nidid":"","aliases":{"NIDID":"CN00005"}},
"geometry":{"type":"Point","coordinates":[-116.94,50.25]}},
{"type":"Feature","properties":{"provider":"NWDP","code":"GCL","slug":"gcl","elevation":1929,"horizontal_datum":"WGS84","vertical_datum":"NGVD29","state":"WA","kind":"PROJECT","nearest_city":"","public_name":"Grand Coulee Dam","location_code":52327029,"nidid":"","aliases":{"NIDID":"WA00262"}},
"geometry":{"type":"Point","coordinates":[-118.9805,47.95667]}},
{"type":"Feature","properties":{"provider":"NWDP","code":"JDA","slug":"jda","elevation":null,"horizontal_datum":"WGS84","vertical_datum":"NGVD29","state":"OR","kind":"PROJECT","nearest_city":"","public_name":"John Day Lock and Dam","location_code":52364029,"nidid":"","aliases":{"USGS Station Number":"14048006","NIDID":"OR00011"}},
"geometry":{"type":"Point","coordinates":[-120.69367,45.71485]}},
{"type":"Feature","properties":{"provider":"NWDP","code":"MCN","slug":"mcn","elevation":361,"horizontal_datum":"WGS84","vertical_datum":"NGVD29","state":"OR","kind":"PROJECT","nearest_city":"","public_name":"McNary Lock and Dam","location_code":52311029,"nidid":"","aliases":{"NIDID":"OR00616"}},
"geometry":{"type":"Point","coordinates":[-119.29767,45.93563]}},
{"type":"Feature","properties":{"provider":"NWDP","code":"MCDB","slug":"mcdb","elevation":1900,"horizontal_datum":"","vertical_datum":"NGVD29","state":"00","kind":"PROJECT","nearest_city":"Bellingham","public_name":"Mica Dam","location_code":55719029,"nidid":"","aliases":{"NIDID":"CDN0001"}},
"geometry":{"type":"Point","coordinates":[-118.3,52.08]}},
{"type":"Feature","properties":{"provider":"NWDP","code":"PRD","slug":"prd","elevation":null,"horizontal_datum":"WGS84","vertical_datum":"NGVD29","state":"WA","kind":"PROJECT","nearest_city":"","public_name":"Priest Rapids Dam","location_code":47382029,"nidid":"","aliases":{"NIDID":"WA00088"}},
"geometry":{"type":"Point","coordinates":[-119.90988,46.64442]}},
{"type":"Feature","properties":{"provider":"NWDP","code":"RIS","slug":"ris","elevation":null,"horizontal_datum":"NAD83","vertical_datum":"NGVD29","state":"WA","kind":"PROJECT","nearest_city":"","public_name":"Rock Island Dam","location_code":52645029,"nidid":"","aliases":{"NIDID":"WA00084"}},
"geometry":{"type":"Point","coordinates":[-120.09448,47.33984]}},
{"type":"Feature","properties":{"provider":"NWDP","code":"RRH","slug":"rrh","elevation":null,"horizontal_datum":"NAD83","vertical_datum":"NGVD29","state":"WA","kind":"PROJECT","nearest_city":"","public_name":"Rocky Reach Dam","location_code":52568029,"nidid":"","aliases":{"NIDID":"WA00086"}},
"geometry":{"type":"Point","coordinates":[-120.296,47.53371]}},
{"type":"Feature","properties":{"provider":"NWDP","code":"TDA","slug":"tda","elevation":null,"horizontal_datum":"WGS84","vertical_datum":"NGVD29","state":"OR","kind":"PROJECT","nearest_city":"","public_name":"The Dalles Lock and Dam","location_code":51731029,"nidid":"","aliases":{"USGS Station Number":"14103950","NIDID":"OR00002"}},
"geometry":{"type":"Point","coordinates":[-121.13,45.61]}},
{"type":"Feature","properties":{"provider":"NWDP","code":"WAN","slug":"wan","elevation":null,"horizontal_datum":"WGS84","vertical_datum":"NGVD29","state":"WA","kind":"PROJECT","nearest_city":"","public_name":"Wanapum Dam","location_code":47670029,"nidid":"","aliases":{"NIDID":"WA00085"}},
"geometry":{"type":"Point","coordinates":[-119.97143,46.87472]}},
{"type":"Feature","properties":{"provider":"NWDP","code":"WEL","slug":"wel","elevation":null,"horizontal_datum":"NAD83","vertical_datum":"NGVD29","state":"WA","kind":"PROJECT","nearest_city":"","public_name":"Wells Dam","location_code":52768029,"nidid":"","aliases":{"NIDID":"WA00098"}},
"geometry":{"type":"Point","coordinates":[-119.86508,47.94722]}},
{"type":"Feature","properties":{"provider":"SPA","code":"Abiquiu","slug":"abiquiu","elevation":20935.04,"horizontal_datum":"WGS84","vertical_datum":"NGVD29","state":"NM","kind":"PROJECT","nearest_city":"Ca�ones, NM","public_name":"Abiquiu Reservoir","location_code":259043,"nidid":"","aliases":{"NID Dam Name":"ABIQUIU DAM","CWMS Standard Naming":"Abiquiu","CWMS Legacy Naming":"Abiquiu","USGS Station Number":"08286900","NWS Handbook 5 ID":"ABIN5","DCP Platform ID":"CE1B1592","NIDID":"NM00001"}},
"geometry":{"type":"Point","coordinates":[-106.42833,36.24]}},
{"type":"Feature","properties":{"provider":"SPA","code":"Brantley","slug":"brantley","elevation":0,"horizontal_datum":"WGS84","vertical_datum":"NAVD88","state":"NM","kind":"PROJECT","nearest_city":"Carlsbad, NM","public_name":"Brantley Reservoir","location_code":17043,"nidid":"","aliases":{"DCP Platform ID":"DD0B7288","CWMS Standard Naming":"Brantley","CWMS Legacy Naming":"Brantley","USGS Station Number":"08401450","NWS Handbook 5 ID":"CBLN5","NIDID":"NM82901","NID Dam Name":"BRANTLEY"}},
"geometry":{"type":"Point","coordinates":[-104.37861,32.54667]}},
{"type":"Feature","properties":{"provider":"SPA","code":"Cochiti","slug":"cochiti","elevation":5255,"horizontal_datum":"WGS84","vertical_datum":"NGVD29","state":"NM","kind":"PROJECT","nearest_city":"Penaena Blanca, NM","public_name":"Cochiti Lake","location_code":257043,"nidid":"","aliases":{"DCP Platform ID":"CE1B337E","CWMS Standard Naming":"Cochiti","CWMS Legacy Naming":"Cochiti","USGS Station Number":"08317300","NWS Handbook 5 ID":"COCN5","NIDID":"NM00404","NID Dam Name":"COCHITI"}},
"geometry":{"type":"Point","coordinates":[-106.31611,35.61694]}},
{"type":"Feature","properties":{"provider":"SPA","code":"Conchas","slug":"conchas","elevation":0,"horizontal_datum":"NAD27","vertical_datum":"NGVD29","state":"NM","kind":"PROJECT","nearest_city":"Las Vegas","public_name":"Conchas Lake","location_code":33043,"nidid":"","aliases":{"DCP Platform ID":"CE1B6302","CWMS Standard Naming":"Conchas","CWMS Legacy Naming":"Conchas","USGS Station Number":"07223500","NWS Handbook 5 ID":"CNCN5","NIDID":"NM00006","NID Dam Name":"CONCHAS DAM"}},
"geometry":{"type":"Point","coordinates":[-104.19083,35.40278]}},
{"type":"Feature","properties":{"provider":"SPA","code":"Diamond A","slug":"diamond%20a","elevation":4054,"horizontal_datum":"WGS84","vertical_datum":"NGVD29","state":"NM","kind":"PROJECT","nearest_city":"Roswell, NM","public_name":"Diamond A Reservoir nr Roswell","location_code":267043,"nidid":"","aliases":{"DCP Platform ID":"CE1A820A","CWMS Standard Naming":"Diamond A","CWMS Legacy Naming":"Diamond A","NWS Handbook 5 ID":"RRRN5","USGS Station Number":"08390610"}},
"geometry":{"type":"Point","coordinates":[-104.72222,33.29861]}},
{"type":"Feature","properties":{"provider":"SPA","code":"Galisteo","slug":"galisteo","elevation":5500.3,"horizontal_datum":"WGS84","vertical_datum":"NGVD29","state":"NM","kind":"PROJECT","nearest_city":"Madrid, NM","public_name":"Galisteo Reservoir","location_code":353043,"nidid":"","aliases":{"DCP Platform ID":"CE19E0E2","CWMS Standard Naming":"Galisteo","CWMS Legacy Naming":"Galisteo","USGS Station Number":"08317900","NWS Handbook 5 ID":"CGRN5","NIDID":"NM00002","NID Dam Name":"GALISTEO DAM"}},
"geometry":{"type":"Point","coordinates":[-106.20833,35.46222]}},
{"type":"Feature","properties":{"provider":"SPA","code":"Jemez","slug":"jemez","elevation":5274.6,"horizontal_datum":"WGS84","vertical_datum":"NGVD29","state":"NM","kind":"PROJECT","nearest_city":"Algodones, NM","public_name":"Jemez Canyon Reservoir","location_code":367043,"nidid":"","aliases":{"NID Dam Name":"JEMEZ CANYON DAM","CWMS Standard Naming":"Jemez","CWMS Legacy Naming":"Jemez","USGS Station Number":"08328500","NWS Handbook 5 ID":"BERN5","DCP Platform ID":"CE1B5698","NIDID":"NM00003"}},
"geometry":{"type":"Point","coordinates":[-106.54722,35.39444]}},
{"type":"Feature","properties":{"provider":"SPA","code":"John Martin","slug":"john%20martin","elevation":3880,"horizontal_datum":"NAD27","vertical_datum":"NGVD29","state":"CO","kind":"PROJECT","nearest_city":"Hasty, CO","public_name":"John Martin Dam","location_code":175043,"nidid":"","aliases":{"NID Dam Name":"JOHN MARTIN DAM & RESERVOIR","CWMS Standard Naming":"John Martin","CWMS Legacy Naming":"John Martin","USGS Station Number":"07130000","DCP Platform ID":"515992EE","NWS Handbook 5 ID":"JMCC2","NIDID":"CO01283"}},
"geometry":{"type":"Point","coordinates":[-102.93674,38.06714]}},
{"type":"Feature","properties":{"provider":"SPA","code":"Sumner","slug":"sumner","elevation":4302.88,"horizontal_datum":"WGS84","vertical_datum":"NAVD88","state":"NM","kind":"PROJECT","nearest_city":"Fort Sumner, NM","public_name":"Lake Sumner","location_code":351043,"nidid":"","aliases":{"DCP Platform ID":"F002447C","CWMS Standard Naming":"Sumner","CWMS Legacy Naming":"Sumner","USGS Station Number":"08384000","NWS Handbook 5 ID":"LAKN5","NIDID":"NM00130","NID Dam Name":"SUMNER"}},
"geometry":{"type":"Point","coordinates":[-104.38444,34.60833]}},
{"type":"Feature","properties":{"provider":"SPA","code":"Navajo","slug":"navajo","elevation":6108,"horizontal_datum":"WGS84","vertical_datum":"NGVD29","state":"NM","kind":"PROJECT","nearest_city":"Turley, NM","public_name":"Navajo Reservoir","location_code":29043,"nidid":"","aliases":{"NID Dam Name":"NAVAJO","CWMS Standard Naming":"Navajo","CWMS Legacy Naming":"Navajo","USGS Station Number":"09355100","DCP Platform ID":"3486323A","NWS Handbook 5 ID":"NVRN5","NIDID":"NM00120"}},
"geometry":{"type":"Point","coordinates":[-107.61128,36.80314]}},
{"type":"Feature","properties":{"provider":"SPA","code":"Platoro","slug":"platoro","elevation":10048,"horizontal_datum":"NAD83","vertical_datum":"NGVD29","state":"CO","kind":"PROJECT","nearest_city":"Durango","public_name":"Platoro Reservoir","location_code":70043,"nidid":"","aliases":{"NID Dam Name":"PLATORO","CWMS Standard Naming":"Platoro","CWMS Legacy Naming":"Platoro","CODWR":"PLARESCO","USGS Station Number":"08244500","DCP Platform ID":"5144B0FA","NWS Handbook 5 ID":"PLRC2","NIDID":"CO01671"}},
"geometry":{"type":"Point","coordinates":[-106.54449,37.35195]}},
{"type":"Feature","properties":{"provider":"SPA","code":"Pueblo","slug":"pueblo","elevation":4925,"horizontal_datum":"NAD83","vertical_datum":"NGVD29","state":"CO","kind":"PROJECT","nearest_city":"Pueblo, CO","public_name":"Pueblo Reservoir","location_code":171043,"nidid":"","aliases":{"NID Dam Name":"PUEBLO","CWMS Standard Naming":"Pueblo","CWMS Legacy Naming":"Pueblo","CODWR":"PUERESCO","USGS Station Number":"07099350","DCP Platform ID":"348AA6C4","NWS Handbook 5 ID":"PBAC2","NIDID":"CO00299"}},
"geometry":{"type":"Point","coordinates":[-104.72482,38.26973]}},
{"type":"Feature","properties":{"provider":"SPA","code":"Rocky","slug":"rocky","elevation":4054,"horizontal_datum":"NAD27","vertical_datum":"NGVD29","state":"NM","kind":"PROJECT","nearest_city":"Roswell, NM","public_name":"Rocky Reservoir near Roswell","location_code":373043,"nidid":"","aliases":{"DCP Platform ID":"CE1A917C","CWMS Standard Naming":"Rocky","CWMS Legacy Naming":"Rocky","USGS Station Number":"08390620","NWS Handbook 5 ID":"RWRN5"}},
"geometry":{"type":"Point","coordinates":[-104.72222,33.27222]}},
{"type":"Feature","properties":{"provider":"SPA","code":"Santa Rosa","slug":"santa%20rosa","elevation":null,"horizontal_datum":"WGS84","vertical_datum":"NAVD88","state":"NM","kind":"PROJECT","nearest_city":"Santa Rosa, NM","public_name":"Santa Rosa Lake nr Santa Rosa","location_code":261043,"nidid":"","aliases":{"DCP Platform ID":"CE1A4714","CWMS Standard Naming":"Santa Rosa","CWMS Legacy Naming":"Santa Rosa","USGS Station Number":"08382810","NWS Handbook 5 ID":"SRLN5","NIDID":"NM00158","NID Dam Name":"SANTA ROSA DAM"}},
"geometry":{"type":"Point","coordinates":[-104.69167,35.02972]}},
{"type":"Feature","properties":{"provider":"SPA","code":"Trinidad","slug":"trinidad","elevation":6073.64,"horizontal_datum":"NAD83","vertical_datum":"NGVD29","state":"CO","kind":"PROJECT","nearest_city":"Sopris (historical), CO","public_name":"Trinidad Lake","location_code":265043,"nidid":"","aliases":{"NID Dam Name":"TRINIDAD","CWMS Standard Naming":"Trinidad","CWMS Legacy Naming":"Trinidad","USGS Station Number":"07124400","NWS Handbook 5 ID":"TDDC2","DCP Platform ID":"CE1B7074","NIDID":"CO00050"}},
"geometry":{"type":"Point","coordinates":[-104.55193,37.14113]}},
{"type":"Feature","properties":{"provider":"SPA","code":"Two Rivers","slug":"two%20rivers","elevation":4054,"horizontal_datum":"WGS84","vertical_datum":"NGVD29","state":"NM","kind":"PROJECT","nearest_city":"Roswell, NM","public_name":"Two Rivers Dam (Dia A & Rocky)","location_code":10642043,"nidid":"","aliases":{"NIDID":"NM00004","CWMS Standard Naming":"Two Rivers","CWMS Legacy Naming":"Two Rivers","NWS Handbook 5 ID":"TRDN5","DCP Platform ID":"CE06D474"}},
"geometry":{"type":"Point","coordinates":[-104.71833,33.27783]}},
{"type":"Feature","properties":{"provider":"LRH","code":"AlumCr","slug":"alumcr","elevation":800,"horizontal_datum":"WGS84","vertical_datum":"NGVD29","state":"OH","kind":"PROJECT","nearest_city":"Lewis Center","public_name":"Alum Creek Lake","location_code":865108,"nidid":"","aliases":{"NIDID":"OH00931","Local Loc ID":"ACS"}},
"geometry":{"type":"Point","coordinates":[-82.9668,40.18572]}},
{"type":"Feature","properties":{"provider":"LRH","code":"Atwood","slug":"atwood","elevation":890,"horizontal_datum":"WGS84","vertical_datum":"NGVD29","state":"OH","kind":"PROJECT","nearest_city":"New Cumberland","public_name":"Atwood Lake","location_code":518108,"nidid":"","aliases":{"Local Loc ID":"ATI","NIDID":"OH00006"}},
"geometry":{"type":"Point","coordinates":[-81.285,40.52667]}},
{"type":"Feature","properties":{"provider":"LRH","code":"BeachCity","slug":"beachcity","elevation":931,"horizontal_datum":"WGS84","vertical_datum":"NGVD29","state":"OH","kind":"PROJECT","nearest_city":"Beach City","public_name":"Beach City Lake","location_code":521108,"nidid":"","aliases":{"Local Loc ID":"BCS","NIDID":"OH00005"}},
"geometry":{"type":"Point","coordinates":[-81.55806,40.63556]}},
{"type":"Feature","properties":{"provider":"LRH","code":"BeechFk","slug":"beechfk","elevation":500,"horizontal_datum":"WGS84","vertical_datum":"NGVD29","state":"WV","kind":"PROJECT","nearest_city":"Lavalette","public_name":"Beech Fork Lake","location_code":1011108,"nidid":"","aliases":{"Local Loc ID":"BBF","NIDID":"WV09903"}},
"geometry":{"type":"Point","coordinates":[-82.41639,38.304]}},
{"type":"Feature","properties":{"provider":"LRH","code":"BellevilleLD","slug":"bellevilleld","elevation":null,"horizontal_datum":"WGS84","vertical_datum":"","state":"OH","kind":"PROJECT","nearest_city":"Reedsville","public_name":"Belleville Locks and Dam","location_code":28477108,"nidid":"","aliases":{"Local Loc ID":"BEL","NIDID":"WV10702"},"levels":null},
"geometry":{"type":"Point","coordinates":[-81.74348,39.1187]}},
{"type":"Feature","properties":{"provider":"LRH","code":"Bluestone","slug":"bluestone","elevation":1400,"horizontal_datum":"WGS84","vertical_datum":"NGVD29","state":"WV","kind":"PROJECT","nearest_city":"Hinton","public_name":"Bluestone Lake","location_code":253108,"nidid":"","aliases":{"Local Loc ID":"BLN","NIDID":"WV08902"}},
"geometry":{"type":"Point","coordinates":[-80.88649,37.64061]}},
{"type":"Feature","properties":{"provider":"LRH","code":"Bolivar","slug":"bolivar","elevation":895,"horizontal_datum":"WGS84","vertical_datum":"NGVD29","state":"OH","kind":"PROJECT","nearest_city":"Bolivar","public_name":"Bolivar Dam","location_code":526108,"nidid":"","aliases":{"Local Loc ID":"BOS","NIDID":"OH00004"}},
"geometry":{"type":"Point","coordinates":[-81.4328,40.64861]}},
{"type":"Feature","properties":{"provider":"LRH","code":"Burnsville","slug":"burnsville","elevation":700,"horizontal_datum":"WGS84","vertical_datum":"NGVD29","state":"WV","kind":"PROJECT","nearest_city":"Burnsville","public_name":"Burnsville Lake","location_code":459108,"nidid":"","aliases":{"Local Loc ID":"BUS","NIDID":"WV00707"}},
"geometry":{"type":"Point","coordinates":[-80.62,38.8433]}},
{"type":"Feature","properties":{"provider":"LRH","code":"CaptAMeldahlLD","slug":"captameldahlld","elevation":null,"horizontal_datum":"WGS84","vertical_datum":"","state":"OH","kind":"PROJECT","nearest_city":"Chilo","public_name":"C.A. Meldahl Locks and Dam","location_code":28478108,"nidid":"","aliases":{"NIDID":"OH03032","Local Loc ID":"MDO"},"levels":null},
"geometry":{"type":"Point","coordinates":[-84.1733,38.7975]}},
{"type":"Feature","properties":{"provider":"LRH","code":"CharlesMill","slug":"charlesmill","elevation":987,"horizontal_datum":"WGS84","vertical_datum":"NGVD29","state":"OH","kind":"PROJECT","nearest_city":"Mansfield","public_name":"Charles Mill Lake","location_code":532108,"nidid":"","aliases":{"Local Loc ID":"CMB","NIDID":"OH00020"}},
"geometry":{"type":"Point","coordinates":[-82.3625,40.7403]}},
{"type":"Feature","properties":{"provider":"LRH","code":"Clendening","slug":"clendening","elevation":862,"horizontal_datum":"WGS84","vertical_datum":"NGVD29","state":"OH","kind":"PROJECT","nearest_city":"Tippecanoe","public_name":"Clendening Lake","location_code":529108,"nidid":"","aliases":{"Local Loc ID":"CLB","NIDID":"OH00012"}},
"geometry":{"type":"Point","coordinates":[-81.2765,40.26899]}},
{"type":"Feature","properties":{"provider":"LRH","code":"DeerCr","slug":"deercr","elevation":770,"horizontal_datum":"WGS84","vertical_datum":"NGVD29","state":"OH","kind":"PROJECT","nearest_city":"Pancoastburg","public_name":"Deer Creek Lake","location_code":868108,"nidid":"","aliases":{"Local Loc ID":"DCS","NIDID":"OH00008"}},
"geometry":{"type":"Point","coordinates":[-83.215,39.6222]}},
{"type":"Feature","properties":{"provider":"LRH","code":"Delaware","slug":"delaware","elevation":878.42,"horizontal_datum":"WGS84","vertical_datum":"NGVD29","state":"OH","kind":"PROJECT","nearest_city":"Delaware","public_name":"Delaware Lake","location_code":871108,"nidid":"","aliases":{"Local Loc ID":"DDO","NIDID":"OH00015"}},
"geometry":{"type":"Point","coordinates":[-83.0692,40.3592]}},
{"type":"Feature","properties":{"provider":"LRH","code":"Dewey","slug":"dewey","elevation":null,"horizontal_datum":"WGS84","vertical_datum":"","state":"KY","kind":"PROJECT","nearest_city":"Van Lear","public_name":"Dewey Lake","location_code":45108,"nidid":"","aliases":{"Local Loc ID":"DWJ","NIDID":"KY03029"}},
"geometry":{"type":"Point","coordinates":[-82.7292,37.7356]}},
{"type":"Feature","properties":{"provider":"LRH","code":"Dillon","slug":"dillon","elevation":700,"horizontal_datum":"WGS84","vertical_datum":"NGVD29","state":"OH","kind":"PROJECT","nearest_city":"Zanesville","public_name":"Dillon Lake","location_code":537108,"nidid":"","aliases":{"Local Loc ID":"DIL","NIDID":"OH00007"}},
"geometry":{"type":"Point","coordinates":[-82.0817,39.9917]}},
{"type":"Feature","properties":{"provider":"LRH","code":"Dover","slug":"dover","elevation":858,"horizontal_datum":"WGS84","vertical_datum":"NGVD29","state":"OH","kind":"PROJECT","nearest_city":"Dover","public_name":"Dover Dam","location_code":542108,"nidid":"","aliases":{"Local Loc ID":"DOT","NIDID":"OH00003"}},
"geometry":{"type":"Point","coordinates":[-81.413,40.5578]}},
{"type":"Feature","properties":{"provider":"LRH","code":"EastLynn","slug":"eastlynn","elevation":600.01,"horizontal_datum":"WGS84","vertical_datum":"NGVD29","state":"WV","kind":"PROJECT","nearest_city":"East Lynn","public_name":"East Lynn Lake","location_code":1014108,"nidid":"","aliases":{"Local Loc ID":"ELT","NIDID":"WV09901"}},
"geometry":{"type":"Point","coordinates":[-82.3839,38.1447]}},
{"type":"Feature","properties":{"provider":"LRH","code":"Fishtrap","slug":"fishtrap","elevation":700.02,"horizontal_datum":"WGS84","vertical_datum":"NGVD29","state":"KY","kind":"PROJECT","nearest_city":"Shelbiana","public_name":"Fishtrap Lake","location_code":63108,"nidid":"","aliases":{"Local Loc ID":"FRL","NIDID":"KY03028"}},
"geometry":{"type":"Point","coordinates":[-82.4156,37.4325]}},
{"type":"Feature","properties":{"provider":"LRH","code":"Grayson","slug":"grayson","elevation":599.96,"horizontal_datum":"WGS84","vertical_datum":"NGVD29","state":"KY","kind":"PROJECT","nearest_city":"Grayson","public_name":"Grayson Lake","location_code":495108,"nidid":"","aliases":{"Local Loc ID":"GRL","NIDID":"KY03030"}},
"geometry":{"type":"Point","coordinates":[-82.98429,38.2535]}},
{"type":"Feature","properties":{"provider":"LRH","code":"GreenupLD","slug":"greenupld","elevation":null,"horizontal_datum":"WGS84","vertical_datum":"","state":"KY","kind":"PROJECT","nearest_city":"Greenup","public_name":"Greenup Locks and Dam","location_code":28479108,"nidid":"","aliases":{"NIDID":"KY03031","Local Loc ID":"GRO"},"levels":null},
"geometry":{"type":"Point","coordinates":[-82.8608,38.6475]}},
{"type":"Feature","properties":{"provider":"LRH","code":"JWFlannagan","slug":"jwflannagan","elevation":1299.88,"horizontal_datum":"WGS84","vertical_datum":"NGVD29","state":"VA","kind":"PROJECT","nearest_city":"Haysi","public_name":"J.W. Flannagan Dam","location_code":93108,"nidid":"","aliases":{"Local Loc ID":"JFP","NIDID":"VA05101"}},
"geometry":{"type":"Point","coordinates":[-82.34437,37.23264]}},
{"type":"Feature","properties":{"provider":"LRH","code":"Leesville","slug":"leesville","elevation":927.98,"horizontal_datum":"WGS84","vertical_datum":"NGVD29","state":"OH","kind":"PROJECT","nearest_city":"Leesville","public_name":"Leesville Lake","location_code":547108,"nidid":"","aliases":{"Local Loc ID":"LEM","NIDID":"OH00014"}},
"geometry":{"type":"Point","coordinates":[-81.1944,40.4703]}},
{"type":"Feature","properties":{"provider":"LRH","code":"LondonLD","slug":"londonld","elevation":null,"horizontal_datum":"WGS84","vertical_datum":"","state":"WV","kind":"PROJECT","nearest_city":"London","public_name":"London Locks and Dam","location_code":28480108,"nidid":"","aliases":{"NIDID":"WV03907","Local Loc ID":"LON"}},
"geometry":{"type":"Point","coordinates":[-81.3692,38.1928]}},
{"type":"Feature","properties":{"provider":"LRH","code":"MarmetLD","slug":"marmetld","elevation":null,"horizontal_datum":"WGS84","vertical_datum":"","state":"WV","kind":"PROJECT","nearest_city":"Belle","public_name":"Marmet Locks and Dam","location_code":28481108,"nidid":"","aliases":{"NIDID":"WV03908","Local Loc ID":"MMK"},"levels":null},
"geometry":{"type":"Point","coordinates":[-81.56678,38.25373]}},
{"type":"Feature","properties":{"provider":"LRH","code":"Mohawk","slug":"mohawk","elevation":799.2,"horizontal_datum":"WGS84","vertical_datum":"NGVD29","state":"OH","kind":"PROJECT","nearest_city":"Nellie","public_name":"Mohawk Dam","location_code":552108,"nidid":"","aliases":{"Local Loc ID":"MKW","NIDID":"OH00016"}},
"geometry":{"type":"Point","coordinates":[-82.0878,40.3525]}},
{"type":"Feature","properties":{"provider":"LRH","code":"Mohicanville","slug":"mohicanville","elevation":null,"horizontal_datum":"WGS84","vertical_datum":"","state":"OH","kind":"PROJECT","nearest_city":"Mohicanville","public_name":"Mohicanville Dam","location_code":557108,"nidid":"","aliases":{"Local Loc ID":"MOL","NIDID":"OH00019"}},
"geometry":{"type":"Point","coordinates":[-82.1519,40.7242]}},
{"type":"Feature","properties":{"provider":"LRH","code":"NoBrKokosing","slug":"nobrkokosing","elevation":1100,"horizontal_datum":"WGS84","vertical_datum":"NGVD29","state":"OH","kind":"PROJECT","nearest_city":"Fredericktown","public_name":"North Br Kokosing River Lake","location_code":562108,"nidid":"","aliases":{"Local Loc ID":"NBK","NIDID":"OH00009"}},
"geometry":{"type":"Point","coordinates":[-82.57699,40.50607]}},
{"type":"Feature","properties":{"provider":"LRH","code":"NoFkPound","slug":"nofkpound","elevation":1600,"horizontal_datum":"WGS84","vertical_datum":"NGVD29","state":"VA","kind":"PROJECT","nearest_city":"Pound","public_name":"North Fork of Pound Lake","location_code":111108,"nidid":"","aliases":{"Local Loc ID":"NFP","NIDID":"VA19501"}},
"geometry":{"type":"Point","coordinates":[-82.6306,37.1239]}},
{"type":"Feature","properties":{"provider":"LRH","code":"PaintCr","slug":"paintcr","elevation":775.06,"horizontal_datum":"WGS84","vertical_datum":"NGVD29","state":"OH","kind":"PROJECT","nearest_city":"Bainbridge","public_name":"Paint Creek Lake","location_code":874108,"nidid":"","aliases":{"Local Loc ID":"PCS","NIDID":"OH00017"}},
"geometry":{"type":"Point","coordinates":[-83.35486,39.25052]}},
{"type":"Feature","properties":{"provider":"LRH","code":"Paintsville","slug":"paintsville","elevation":700,"horizontal_datum":"","vertical_datum":"NGVD29","state":"KY","kind":"PROJECT","nearest_city":"Paintsville","public_name":"Paintsville Lake","location_code":124108,"nidid":"","aliases":{"Local Loc ID":"PIV","NIDID":"KY82202"}},
"geometry":{"type":"Point","coordinates":[-82.87121,37.83988]}},
{"type":"Feature","properties":{"provider":"LRH","code":"Piedmont","slug":"piedmont","elevation":881.75,"horizontal_datum":"WGS84","vertical_datum":"NGVD29","state":"OH","kind":"PROJECT","nearest_city":"Piedmont","public_name":"Piedmont Lake","location_code":565108,"nidid":"","aliases":{"Local Loc ID":"PES","NIDID":"OH00011"}},
"geometry":{"type":"Point","coordinates":[-81.2175,40.1922]}},
{"type":"Feature","properties":{"provider":"LRH","code":"PleasantHill","slug":"pleasanthill","elevation":971.75,"horizontal_datum":"WGS84","vertical_datum":"NGVD29","state":"OH","kind":"PROJECT","nearest_city":"Perrysville","public_name":"Pleasant Hill Lake","location_code":568108,"nidid":"","aliases":{"Local Loc ID":"PHC","NIDID":"OH00001"}},
"geometry":{"type":"Point","coordinates":[-82.3239,40.6239]}},
{"type":"Feature","properties":{"provider":"LRH","code":"RCByrdLD","slug":"rcbyrdld","elevation":null,"horizontal_datum":"WGS84","vertical_datum":"","state":"WV","kind":"PROJECT","nearest_city":"Gallipolis Ferry","public_name":"R.C. Byrd Locks and Dam","location_code":28483108,"nidid":"","aliases":{"Local Loc ID":"GPO","NIDID":"WV05302"},"levels":null},
"geometry":{"type":"Point","coordinates":[-82.1869,38.6819]}},
{"type":"Feature","properties":{"provider":"LRH","code":"RDBailey","slug":"rdbailey","elevation":null,"horizontal_datum":"WGS84","vertical_datum":"","state":"WV","kind":"PROJECT","nearest_city":"Justice","public_name":"R.D. Bailey Lake","location_code":183108,"nidid":"","aliases":{"Local Loc ID":"RDB","NIDID":"WV10924"}},
"geometry":{"type":"Point","coordinates":[-81.8225,37.6]}},
{"type":"Feature","properties":{"provider":"LRH","code":"RacineLD","slug":"racineld","elevation":null,"horizontal_datum":"WGS84","vertical_datum":"","state":"WV","kind":"PROJECT","nearest_city":"Letart","public_name":"Racine Locks and Dam","location_code":28482108,"nidid":"","aliases":{"Local Loc ID":"RAO","NIDID":"WV05301"},"levels":null},
"geometry":{"type":"Point","coordinates":[-81.9122,38.9169]}},
{"type":"Feature","properties":{"provider":"LRH","code":"Senecaville","slug":"senecaville","elevation":812,"horizontal_datum":"WGS84","vertical_datum":"NGVD29","state":"OH","kind":"PROJECT","nearest_city":"Senecaville","public_name":"Senecaville Lake","location_code":573108,"nidid":"","aliases":{"Local Loc ID":"SES","NIDID":"OH00013"}},
"geometry":{"type":"Point","coordinates":[-81.434,39.92562]}},
{"type":"Feature","properties":{"provider":"LRH","code":"Summersville","slug":"summersville","elevation":1500,"horizontal_datum":"WGS84","vertical_datum":"NGVD29","state":"WV","kind":"PROJECT","nearest_city":"Summersville","public_name":"Summersville Lake","location_code":264108,"nidid":"","aliases":{"Local Loc ID":"SUG","NIDID":"WV06702"}},
"geometry":{"type":"Point","coordinates":[-80.89071,38.2229]}},
{"type":"Feature","properties":{"provider":"LRH","code":"Sutton","slug":"sutton","elevation":1499.96,"horizontal_datum":"WGS84","vertical_datum":"NGVD29","state":"WV","kind":"PROJECT","nearest_city":"Sutton","public_name":"Sutton Lake","location_code":259108,"nidid":"","aliases":{"Local Loc ID":"SUE","NIDID":"WV00701"}},
"geometry":{"type":"Point","coordinates":[-80.6944,38.6611]}},
{"type":"Feature","properties":{"provider":"LRH","code":"Tappan","slug":"tappan","elevation":870,"horizontal_datum":"WGS84","vertical_datum":"NGVD29","state":"OH","kind":"PROJECT","nearest_city":"Feed Springs","public_name":"Tappan Lake","location_code":578108,"nidid":"","aliases":{"Local Loc ID":"TAL","NIDID":"OH00010"}},
"geometry":{"type":"Point","coordinates":[-81.2261,40.3558]}},
{"type":"Feature","properties":{"provider":"LRH","code":"TomJenkins","slug":"tomjenkins","elevation":700.22,"horizontal_datum":"WGS84","vertical_datum":"NGVD29","state":"OH","kind":"PROJECT","nearest_city":"Glouster","public_name":"Tom Jenkins Dam","location_code":224108,"nidid":"","aliases":{"Local Loc ID":"TJE","NIDID":"OH00018"}},
"geometry":{"type":"Point","coordinates":[-82.05733,39.54228]}},
{"type":"Feature","properties":{"provider":"LRH","code":"WillowIslandLD","slug":"willowislandld","elevation":null,"horizontal_datum":"WGS84","vertical_datum":"","state":"OH","kind":"PROJECT","nearest_city":"Reno","public_name":"Willow Island Locks and Dam","location_code":28484108,"nidid":"","aliases":{"Local Loc ID":"WIO","NIDID":"WV07301"},"levels":null},
"geometry":{"type":"Point","coordinates":[-81.3208,39.3603]}},
{"type":"Feature","properties":{"provider":"LRH","code":"WillsCr","slug":"willscr","elevation":733,"horizontal_datum":"WGS84","vertical_datum":"NGVD29","state":"OH","kind":"PROJECT","nearest_city":"Conesville","public_name":"Wills Creek Lake","location_code":581108,"nidid":"","aliases":{"Local Loc ID":"WCW","NIDID":"OH00002"}},
"geometry":{"type":"Point","coordinates":[-81.84972,40.1569]}},
{"type":"Feature","properties":{"provider":"LRH","code":"WinfieldLD","slug":"winfieldld","elevation":null,"horizontal_datum":"WGS84","vertical_datum":"","state":"WV","kind":"PROJECT","nearest_city":"Winfield","public_name":"Winfield Locks and Dam","location_code":28485108,"nidid":"","aliases":{"Local Loc ID":"WIN","NIDID":"WV07903"}},
"geometry":{"type":"Point","coordinates":[-81.9136,38.5269]}},
{"type":"Feature","properties":{"provider":"LRH","code":"Yatesville","slug":"yatesville","elevation":600,"horizontal_datum":"WGS84","vertical_datum":"NGVD29","state":"KY","kind":"PROJECT","nearest_city":"Louisa","public_name":"Yatesville Lake","location_code":171108,"nidid":"","aliases":{"Local Loc ID":"YBC","NIDID":"KY82201"}},
"geometry":{"type":"Point","coordinates":[-82.6992,38.1247]}},
{"type":"Feature","properties":{"provider":"LRH","code":"Zoar","slug":"zoar","elevation":null,"horizontal_datum":"WGS84","vertical_datum":"","state":"OH","kind":"PROJECT","nearest_city":"Zoar","public_name":"Zoar Diversion Dam","location_code":29204108,"nidid":"","aliases":{},"levels":null},
"geometry":{"type":"Point","coordinates":[-81.41768,40.61383]}},
{"type":"Feature","properties":{"provider":"NWO","code":"BECR","slug":"becr","elevation":5558,"horizontal_datum":"","vertical_datum":"LOCAL","state":"CO","kind":"PROJECT","nearest_city":"Morrison, CO","public_name":"Bear Creek Dam & Reservoir","location_code":2422030,"nidid":"","aliases":{"NIDID":"CO00004","NWS Handbook 5 ID":"BCDC2"}},
"geometry":{"type":"Point","coordinates":[-105.13389,39.65083]}},
{"type":"Feature","properties":{"provider":"NWO","code":"BOHA","slug":"boha","elevation":null,"horizontal_datum":"","vertical_datum":"LOCAL","state":"ND","kind":"PROJECT","nearest_city":"Haley, ND","public_name":"Bowman-Haley Dam & Reservoir","location_code":2432030,"nidid":"","aliases":{"NIDID":"ND00147"}},
"geometry":{"type":"Point","coordinates":[-103.24711,45.98229]}},
{"type":"Feature","properties":{"provider":"NWO","code":"BOYN","slug":"boyn","elevation":null,"horizontal_datum":"","vertical_datum":"","state":"WY","kind":"PROJECT","nearest_city":"Sheridan","public_name":"Boysen Dam & Reservoir","location_code":2434030,"nidid":"","aliases":{"NIDID":"WY01299","USBR Station ID":"BOYR"}},
"geometry":{"type":"Point","coordinates":[-108.17752,43.41674]}},
{"type":"Feature","properties":{"provider":"NWO","code":"CAFE","slug":"cafe","elevation":null,"horizontal_datum":"","vertical_datum":"","state":"MT","kind":"PROJECT","nearest_city":"Helena","public_name":"Canyon Ferry Dam & Reservoir","location_code":2502030,"nidid":"","aliases":{"NIDID":"MT00568","USBR Station ID":"CFR"}},
"geometry":{"type":"Point","coordinates":[-111.72855,46.64767]}},
{"type":"Feature","properties":{"provider":"NWO","code":"CHFI","slug":"chfi","elevation":5432,"horizontal_datum":"","vertical_datum":"LOCAL","state":"CO","kind":"PROJECT","nearest_city":"Columbine","public_name":"Chatfield Dam & Reservoir","location_code":2526030,"nidid":"","aliases":{"NIDID":"CO01281"}},
"geometry":{"type":"Point","coordinates":[-105.06208,39.55872]}},
{"type":"Feature","properties":{"provider":"NWO","code":"CHCR","slug":"chcr","elevation":5550,"horizontal_datum":"","vertical_datum":"LOCAL","state":"CO","kind":"PROJECT","nearest_city":"Centennial, CO","public_name":"Cherry Creek Dam & Reservoir","location_code":2340030,"nidid":"","aliases":{"NIDID":"CO01280","NWS Handbook 5 ID":"EGDC2"}},
"geometry":{"type":"Point","coordinates":[-104.85361,39.65083]}},
{"type":"Feature","properties":{"provider":"NWO","code":"CLCA","slug":"clca","elevation":null,"horizontal_datum":"","vertical_datum":"","state":"MT","kind":"PROJECT","nearest_city":"Butte-Silver Bow","public_name":"Clark Canyon Dam & Reservoir","location_code":2532030,"nidid":"","aliases":{"NIDID":"MT00569","USBR Station ID":"CCR"}},
"geometry":{"type":"Point","coordinates":[-112.85895,45.00074]}},
{"type":"Feature","properties":{"provider":"NWO","code":"COLD","slug":"cold","elevation":null,"horizontal_datum":"","vertical_datum":"LOCAL","state":"SD","kind":"PROJECT","nearest_city":"Hot Springs","public_name":"Cold Brook Dam & Reservoir","location_code":2536030,"nidid":"","aliases":{"NIDID":"SD01097"}},
"geometry":{"type":"Point","coordinates":[-103.48881,43.45417]}},
{"type":"Feature","properties":{"provider":"NWO","code":"COTT","slug":"cott","elevation":null,"horizontal_datum":"","vertical_datum":"LOCAL","state":"SD","kind":"PROJECT","nearest_city":"Rapid City","public_name":"Cottonwood Springs Dam & Res","location_code":8983030,"nidid":"","aliases":{"NIDID":"SD01096"}},
"geometry":{"type":"Point","coordinates":[-103.56656,43.43875]}},
{"type":"Feature","properties":{"provider":"NWO","code":"GLEN","slug":"glen","elevation":4635,"horizontal_datum":"","vertical_datum":"","state":"WY","kind":"PROJECT","nearest_city":"Casper","public_name":"Glendo Dam & Reservoir","location_code":2388030,"nidid":"","aliases":{"NIDID":"WY01291","USBR Station ID":"GLER"}},
"geometry":{"type":"Point","coordinates":[-104.95068,42.47874]}},
{"type":"Feature","properties":{"provider":"NWO","code":"HEBU","slug":"hebu","elevation":null,"horizontal_datum":"","vertical_datum":"LOCAL","state":"ND","kind":"PROJECT","nearest_city":"Mandan","public_name":"Heart Butte Dam & Reservoir","location_code":2926030,"nidid":"","aliases":{"NIDID":"ND00149","USBR Station ID":"LTR"}},
"geometry":{"type":"Point","coordinates":[-101.81013,46.59792]}},
{"type":"Feature","properties":{"provider":"NWO","code":"JATO","slug":"jato","elevation":null,"horizontal_datum":"","vertical_datum":"LOCAL","state":"ND","kind":"PROJECT","nearest_city":"Jamestown","public_name":"Jamestown Dam & Reservoir","location_code":2946030,"nidid":"","aliases":{"NIDID":"ND00151","USBR Station ID":"JAMR"}},
"geometry":{"type":"Point","coordinates":[-98.70907,46.93069]}},
{"type":"Feature","properties":{"provider":"NWO","code":"KEYO","slug":"keyo","elevation":null,"horizontal_datum":"","vertical_datum":"LOCAL","state":"WY","kind":"PROJECT","nearest_city":"Gillette","public_name":"Keyhole Dam & Reservoir","location_code":2962030,"nidid":"","aliases":{"NIDID":"WY01380","USBR Station ID":"KEYR"}},
"geometry":{"type":"Point","coordinates":[-104.77867,44.38258]}},
{"type":"Feature","properties":{"provider":"NWO","code":"LAUD","slug":"laud","elevation":null,"horizontal_datum":"","vertical_datum":"","state":"ND","kind":"PROJECT","nearest_city":"","public_name":"Lake Audubon at Garrison Dam","location_code":8926030,"nidid":"","aliases":{}},
"geometry":{"type":"Point","coordinates":[-101.26608,47.61194]}},
{"type":"Feature","properties":{"provider":"NWO","code":"POCA","slug":"poca","elevation":null,"horizontal_datum":"","vertical_datum":"","state":"SD","kind":"PROJECT","nearest_city":"","public_name":"Lake Pocasse at Oahe Dam","location_code":14401030,"nidid":"","aliases":{},"timeseries":null},
"geometry":{"type":"Point","coordinates":[-100.2958,45.91189]}},
{"type":"Feature","properties":{"provider":"NWO","code":"PACA","slug":"paca","elevation":null,"horizontal_datum":"","vertical_datum":"LOCAL","state":"SD","kind":"PROJECT","nearest_city":"Rapid City","public_name":"Pactola Dam & Reservoir","location_code":5127030,"nidid":"","aliases":{"NIDID":"SD01139","USBR Station ID":"PTR"}},
"geometry":{"type":"Point","coordinates":[-103.48889,44.07473]}},
{"type":"Feature","properties":{"provider":"NWO","code":"PA11","slug":"pa11","elevation":1121,"horizontal_datum":"","vertical_datum":"NGVD29","state":"NE","kind":"PROJECT","nearest_city":"Omaha","public_name":"Papillion Creek Dam 11","location_code":8360030,"nidid":"","aliases":{"NIDID":"NE01518"}},
"geometry":{"type":"Point","coordinates":[-96.05072,41.33841]}},
{"type":"Feature","properties":{"provider":"NWO","code":"PA16","slug":"pa16","elevation":null,"horizontal_datum":"","vertical_datum":"","state":"NE","kind":"PROJECT","nearest_city":"Omaha","public_name":"Papillion Creek Dam 16","location_code":8361030,"nidid":"","aliases":{"NIDID":"NE01065"}},
"geometry":{"type":"Point","coordinates":[-96.12179,41.31443]}},
{"type":"Feature","properties":{"provider":"NWO","code":"PA18","slug":"pa18","elevation":null,"horizontal_datum":"","vertical_datum":"","state":"NE","kind":"PROJECT","nearest_city":"Omaha","public_name":"Papillion Creek Dam 18","location_code":8362030,"nidid":"","aliases":{"NIDID":"NE02185"}},
"geometry":{"type":"Point","coordinates":[-96.16075,41.22024]}},
{"type":"Feature","properties":{"provider":"NWO","code":"PA20","slug":"pa20","elevation":null,"horizontal_datum":"","vertical_datum":"","state":"NE","kind":"PROJECT","nearest_city":"Omaha","public_name":"Papillion Creek Dam 20","location_code":8363030,"nidid":"","aliases":{"NIDID":"NE01882"}},
"geometry":{"type":"Point","coordinates":[-96.1496,41.17194]}},
{"type":"Feature","properties":{"provider":"NWO","code":"PIST","slug":"pist","elevation":null,"horizontal_datum":"","vertical_datum":"LOCAL","state":"ND","kind":"PROJECT","nearest_city":"Jamestown","public_name":"Pipestem Dam & Reservoir","location_code":5138030,"nidid":"","aliases":{"NIDID":"ND00146"}},
"geometry":{"type":"Point","coordinates":[-98.75182,46.96274]}},
{"type":"Feature","properties":{"provider":"NWO","code":"SC10","slug":"sc10","elevation":null,"horizontal_datum":"NAD83","vertical_datum":"","state":"NE","kind":"PROJECT","nearest_city":"Lincoln","public_name":"Salt Creek Dam 10","location_code":8368030,"nidid":"","aliases":{"NIDID":"NE01058"}},
"geometry":{"type":"Point","coordinates":[-96.78319,40.73048]}},
{"type":"Feature","properties":{"provider":"NWO","code":"SC12","slug":"sc12","elevation":null,"horizontal_datum":"NAD83","vertical_datum":"","state":"NE","kind":"PROJECT","nearest_city":"Lincoln","public_name":"Salt Creek Dam 12","location_code":8369030,"nidid":"","aliases":{"NIDID":"NE01055"}},
"geometry":{"type":"Point","coordinates":[-96.84603,40.76715]}},
{"type":"Feature","properties":{"provider":"NWO","code":"SC13","slug":"sc13","elevation":null,"horizontal_datum":"NAD83","vertical_datum":"","state":"NE","kind":"PROJECT","nearest_city":"Lincoln","public_name":"Salt Creek Dam 13","location_code":5166030,"nidid":"","aliases":{"NIDID":"NE01060"}},
"geometry":{"type":"Point","coordinates":[-96.94679,40.82498]}},
{"type":"Feature","properties":{"provider":"NWO","code":"SC14","slug":"sc14","elevation":null,"horizontal_datum":"NAD83","vertical_datum":"","state":"NE","kind":"PROJECT","nearest_city":"Lincoln","public_name":"Salt Creek Dam 14","location_code":1380030,"nidid":"","aliases":{"NIDID":"NE01057"}},
"geometry":{"type":"Point","coordinates":[-96.8668,40.83927]}},
{"type":"Feature","properties":{"provider":"NWO","code":"SC17","slug":"sc17","elevation":null,"horizontal_datum":"NAD83","vertical_datum":"","state":"NE","kind":"PROJECT","nearest_city":"Lincoln","public_name":"Salt Creek Dam 17","location_code":1280030,"nidid":"","aliases":{"NIDID":"NE01061"}},
"geometry":{"type":"Point","coordinates":[-96.63651,40.78268]}},
{"type":"Feature","properties":{"provider":"NWO","code":"SC18","slug":"sc18","elevation":null,"horizontal_datum":"NAD83","vertical_datum":"","state":"NE","kind":"PROJECT","nearest_city":"Fremont","public_name":"Salt Creek Dam 18","location_code":1160030,"nidid":"","aliases":{"NIDID":"NE01063"}},
"geometry":{"type":"Point","coordinates":[-96.85272,40.97057]}},
{"type":"Feature","properties":{"provider":"NWO","code":"SC02","slug":"sc02","elevation":null,"horizontal_datum":"NAD83","vertical_datum":"","state":"NE","kind":"PROJECT","nearest_city":"Lincoln","public_name":"Salt Creek Dam 2","location_code":8364030,"nidid":"","aliases":{"NIDID":"NE01062"}},
"geometry":{"type":"Point","coordinates":[-96.84654,40.58528]}},
{"type":"Feature","properties":{"provider":"NWO","code":"SC04","slug":"sc04","elevation":null,"horizontal_datum":"NAD83","vertical_datum":"","state":"NE","kind":"PROJECT","nearest_city":"Lincoln","public_name":"Salt Creek Dam 4","location_code":8365030,"nidid":"","aliases":{"NIDID":"NE01064"}},
"geometry":{"type":"Point","coordinates":[-96.79024,40.62803]}},
{"type":"Feature","properties":{"provider":"NWO","code":"SC08","slug":"sc08","elevation":null,"horizontal_datum":"NAD83","vertical_datum":"","state":"NE","kind":"PROJECT","nearest_city":"Lincoln","public_name":"Salt Creek Dam 8","location_code":8366030,"nidid":"","aliases":{"NIDID":"NE01056"}},
"geometry":{"type":"Point","coordinates":[-96.58304,40.62034]}},
{"type":"Feature","properties":{"provider":"NWO","code":"SC09","slug":"sc09","elevation":null,"horizontal_datum":"NAD83","vertical_datum":"","state":"NE","kind":"PROJECT","nearest_city":"Lincoln","public_name":"Salt Creek Dam 9","location_code":8367030,"nidid":"","aliases":{"NIDID":"NE01059"}},
"geometry":{"type":"Point","coordinates":[-96.63625,40.60431]}},
{"type":"Feature","properties":{"provider":"NWO","code":"SHHI","slug":"shhi","elevation":null,"horizontal_datum":"","vertical_datum":"LOCAL","state":"SD","kind":"PROJECT","nearest_city":"Dickinson","public_name":"Shadehill Dam & Reservoir","location_code":5222030,"nidid":"","aliases":{"NIDID":"SD01141"}},
"geometry":{"type":"Point","coordinates":[-102.20255,45.75252]}},
{"type":"Feature","properties":{"provider":"NWO","code":"TIBR","slug":"tibr","elevation":null,"horizontal_datum":"","vertical_datum":"","state":"MT","kind":"PROJECT","nearest_city":"Great Falls","public_name":"Tiber Dam & Reservoir","location_code":5277030,"nidid":"","aliases":{"NIDID":"MT00579","USBR Station ID":"LER"}},
"geometry":{"type":"Point","coordinates":[-111.10225,48.31962]}},
{"type":"Feature","properties":{"provider":"NWO","code":"YETL","slug":"yetl","elevation":null,"horizontal_datum":"","vertical_datum":"NGVD29","state":"MT","kind":"PROJECT","nearest_city":"Billings","public_name":"Yellowtail Dam & Reservoir","location_code":5774030,"nidid":"","aliases":{"NIDID":"MT00576","USBR Station ID":"BHR"}},
"geometry":{"type":"Point","coordinates":[-107.95818,45.3068]}},
{"type":"Feature","properties":{"provider":"SWF","code":"ALAT2","slug":"alat2","elevation":0,"horizontal_datum":"","vertical_datum":"NGVD29","state":"TX","kind":"PROJECT","nearest_city":"Aquilla, TX","public_name":"Aquilla Lake","location_code":143048,"nidid":"","aliases":{"NIDID":"TX08004"}},
"geometry":{"type":"Point","coordinates":[-97.2025,31.89972]}},
{"type":"Feature","properties":{"provider":"SWF","code":"BDWT2","slug":"bdwt2","elevation":0,"horizontal_datum":"","vertical_datum":"NGVD29","state":"TX","kind":"PROJECT","nearest_city":"Bardwell, TX","public_name":"Bardwell Lake","location_code":404048,"nidid":"","aliases":{"NID Dam Name":"BARDWELL LAKE","NIDID":"TX00001"}},
"geometry":{"type":"Point","coordinates":[-96.64,32.25]}},
{"type":"Feature","properties":{"provider":"SWF","code":"BLNT2","slug":"blnt2","elevation":0,"horizontal_datum":"","vertical_datum":"NGVD29","state":"TX","kind":"PROJECT","nearest_city":"Belton, TX","public_name":"Belton Lake","location_code":170048,"nidid":"","aliases":{"NID Dam Name":"BELTON LAKE","NIDID":"TX00002"}},
"geometry":{"type":"Point","coordinates":[-97.47444,31.10611]}},
{"type":"Feature","properties":{"provider":"SWF","code":"BNBT2","slug":"bnbt2","elevation":0,"horizontal_datum":"","vertical_datum":"NGVD29","state":"TX","kind":"PROJECT","nearest_city":"Benbrook, TX","public_name":"Benbrook Lake","location_code":408048,"nidid":"","aliases":{"NID Dam Name":"BENBROOK LAKE","NIDID":"TX00003"}},
"geometry":{"type":"Point","coordinates":[-97.44833,32.65056]}},
{"type":"Feature","properties":{"provider":"SWF","code":"BPRT2","slug":"bprt2","elevation":0,"horizontal_datum":"","vertical_datum":"NGVD29","state":"TX","kind":"PROJECT","nearest_city":"Bridgeport, TX","public_name":"Bridgeport Reservoir","location_code":2263048,"nidid":"","aliases":{}},
"geometry":{"type":"Point","coordinates":[-97.83167,33.22278]}},
{"type":"Feature","properties":{"provider":"SWF","code":"SMCT2","slug":"smct2","elevation":0,"horizontal_datum":"","vertical_datum":"NGVD29","state":"TX","kind":"PROJECT","nearest_city":"Fischer, TX","public_name":"Canyon Lake","location_code":219048,"nidid":"","aliases":{"NID Dam Name":"CANYON LAKE","NIDID":"TX00004"}},
"geometry":{"type":"Point","coordinates":[-98.19861,29.86861]}},
{"type":"Feature","properties":{"provider":"SWF","code":"TRNT2","slug":"trnt2","elevation":0,"horizontal_datum":"","vertical_datum":"NGVD29","state":"TX","kind":"PROJECT","nearest_city":"Trinidad, TX","public_name":"Cedar Creek Reservoir","location_code":2293048,"nidid":"","aliases":{}},
"geometry":{"type":"Point","coordinates":[-96.14056,32.24306]}},
{"type":"Feature","properties":{"provider":"SWF","code":"EAMT2","slug":"eamt2","elevation":0,"horizontal_datum":"","vertical_datum":"NGVD29","state":"TX","kind":"PROJECT","nearest_city":"Lakeside, TX","public_name":"Eagle Mountain Reservoir","location_code":1207048,"nidid":"","aliases":{}},
"geometry":{"type":"Point","coordinates":[-97.47472,32.8775]}},
{"type":"Feature","properties":{"provider":"SWF","code":"GNGT2","slug":"gngt2","elevation":412.6,"horizontal_datum":"","vertical_datum":"NGVD29","state":"TX","kind":"PROJECT","nearest_city":"Davilla, TX","public_name":"Granger Lake","location_code":179048,"nidid":"","aliases":{"NID Dam Name":"GRANGER DAM AND LAKE","NIDID":"TX08005"}},
"geometry":{"type":"Point","coordinates":[-97.27861,30.69417]}},
{"type":"Feature","properties":{"provider":"SWF","code":"GPVT2","slug":"gpvt2","elevation":0,"horizontal_datum":"","vertical_datum":"NGVD29","state":"TX","kind":"PROJECT","nearest_city":"Coppell, TX","public_name":"Grapevine Lake","location_code":416048,"nidid":"","aliases":{"NID Dam Name":"GRAPEVINE LAKE","NIDID":"TX00005"}},
"geometry":{"type":"Point","coordinates":[-97.05611,32.9725]}},
{"type":"Feature","properties":{"provider":"SWF","code":"HORT2","slug":"hort2","elevation":0,"horizontal_datum":"","vertical_datum":"NGVD29","state":"TX","kind":"PROJECT","nearest_city":"Valera, TX","public_name":"Hords Creek Lake","location_code":199048,"nidid":"","aliases":{"NID Dam Name":"HORDS CREEK LAKE","NIDID":"TX00006"}},
"geometry":{"type":"Point","coordinates":[-99.56056,31.83278]}},
{"type":"Feature","properties":{"provider":"SWF","code":"SCLT2","slug":"sclt2","elevation":0,"horizontal_datum":"","vertical_datum":"NGVD29","state":"TX","kind":"PROJECT","nearest_city":"Cooper, TX","public_name":"Jim Chapman Lake","location_code":235048,"nidid":"","aliases":{"NID Dam Name":"JIM CHAPMAN LAKE","NIDID":"TX08012"}},
"geometry":{"type":"Point","coordinates":[-95.6361,33.3356]}},
{"type":"Feature","properties":{"provider":"SWF","code":"JPLT2","slug":"jplt2","elevation":0,"horizontal_datum":"","vertical_datum":"NGVD29","state":"TX","kind":"PROJECT","nearest_city":"Florence Hill, TX","public_name":"Joe Pool Lake","location_code":420048,"nidid":"","aliases":{"NID Dam Name":"JOE POOL LAKE","NIDID":"TX08007"}},
"geometry":{"type":"Point","coordinates":[-96.9933,32.645]}},
{"type":"Feature","properties":{"provider":"SWF","code":"BCAT2","slug":"bcat2","elevation":0,"horizontal_datum":"","vertical_datum":"NGVD29","state":"TX","kind":"PROJECT","nearest_city":"Fruitland, TX","public_name":"Lake Amon Carter","location_code":8080048,"nidid":"","aliases":{"NIDID":"TX00699"}},
"geometry":{"type":"Point","coordinates":[-97.86556,33.46889]}},
{"type":"Feature","properties":{"provider":"SWF","code":"BSLT2","slug":"bslt2","elevation":0,"horizontal_datum":"","vertical_datum":"NGVD29","state":"TX","kind":"PROJECT","nearest_city":"Mount Pleasant, TX","public_name":"Lake Bob Sandlin","location_code":2168048,"nidid":"","aliases":{}},
"geometry":{"type":"Point","coordinates":[-95.00194,33.08]}},
{"type":"Feature","properties":{"provider":"SWF","code":"BUDT2","slug":"budt2","elevation":0,"horizontal_datum":"","vertical_datum":"NGVD29","state":"TX","kind":"PROJECT","nearest_city":"Kingsland, TX","public_name":"Lake Buchanan","location_code":8461048,"nidid":"","aliases":{},"timeseries":null},
"geometry":{"type":"Point","coordinates":[-98.41806,30.75139]}},
{"type":"Feature","properties":{"provider":"SWF","code":"GGLT2","slug":"gglt2","elevation":0,"horizontal_datum":"","vertical_datum":"NGVD29","state":"TX","kind":"PROJECT","nearest_city":"Georgetown, TX","public_name":"Lake Georgetown","location_code":160048,"nidid":"","aliases":{"NID Dam Name":"NORTH SAN GABRIEL DAM","NIDID":"TX08006"}},
"geometry":{"type":"Point","coordinates":[-97.72722,30.6675]}},
{"type":"Feature","properties":{"provider":"SWF","code":"LLST2","slug":"llst2","elevation":0,"horizontal_datum":"","vertical_datum":"NGVD29","state":"TX","kind":"PROJECT","nearest_city":"Marquez, TX","public_name":"Lake Limestone","location_code":2364048,"nidid":"","aliases":{}},
"geometry":{"type":"Point","coordinates":[-96.31889,31.325]}},
{"type":"Feature","properties":{"provider":"SWF","code":"JFNT2","slug":"jfnt2","elevation":0,"horizontal_datum":"","vertical_datum":"NGVD29","state":"TX","kind":"PROJECT","nearest_city":"Lassater, TX","public_name":"Lake O' the Pines","location_code":231048,"nidid":"","aliases":{"NID Dam Name":"FERRELLS BRIDGE DAM","NIDID":"TX00020"}},
"geometry":{"type":"Point","coordinates":[-94.49917,32.775]}},
{"type":"Feature","properties":{"provider":"SWF","code":"FRHT2","slug":"frht2","elevation":0,"horizontal_datum":"","vertical_datum":"LOCAL","state":"TX","kind":"PROJECT","nearest_city":"Sunnyvale, TX","public_name":"Lake Ray Hubbard","location_code":2288048,"nidid":"","aliases":{}},
"geometry":{"type":"Point","coordinates":[-96.5,32.8]}},
{"type":"Feature","properties":{"provider":"SWF","code":"MSDT2","slug":"msdt2","elevation":0,"horizontal_datum":"","vertical_datum":"NGVD29","state":"TX","kind":"PROJECT","nearest_city":"Bee Cave, TX","public_name":"Lake Travis","location_code":203048,"nidid":"","aliases":{"NIDID":"TX01087","USGS Station Number":"08154500","USGS Station Name":"Lk Travis nr Austin, TX"}},
"geometry":{"type":"Point","coordinates":[-97.9,30.39167]}},
{"type":"Feature","properties":{"provider":"SWF","code":"FLWT2","slug":"flwt2","elevation":0,"horizontal_datum":"","vertical_datum":"NGVD29","state":"TX","kind":"PROJECT","nearest_city":"Sansom Park, TX","public_name":"Lake Worth","location_code":1213048,"nidid":"","aliases":{}},
"geometry":{"type":"Point","coordinates":[-97.41611,32.78917]}},
{"type":"Feature","properties":{"provider":"SWF","code":"LVNT2","slug":"lvnt2","elevation":0,"horizontal_datum":"","vertical_datum":"NGVD29","state":"TX","kind":"PROJECT","nearest_city":"Wylie, TX","public_name":"Lavon Lake","location_code":428048,"nidid":"","aliases":{"NID Dam Name":"LAVON LAKE","NIDID":"TX00007"}},
"geometry":{"type":"Point","coordinates":[-96.46532,33.03236]}},
{"type":"Feature","properties":{"provider":"SWF","code":"LEWT2","slug":"lewt2","elevation":0,"horizontal_datum":"","vertical_datum":"NGVD29","state":"TX","kind":"PROJECT","nearest_city":"Lewisville, TX","public_name":"Lewisville Lake","location_code":424048,"nidid":"","aliases":{"NID Dam Name":"LEWISVILLE LAKE","NIDID":"TX00008"}},
"geometry":{"type":"Point","coordinates":[-96.96417,33.06917]}},
{"type":"Feature","properties":{"provider":"SWF","code":"GPET2","slug":"gpet2","elevation":0,"horizontal_datum":"","vertical_datum":"NGVD29","state":"TX","kind":"PROJECT","nearest_city":"Lakeland Heights, TX","public_name":"Mountain Creek Lake","location_code":2274048,"nidid":"","aliases":{}},
"geometry":{"type":"Point","coordinates":[-96.94306,32.73194]}},
{"type":"Feature","properties":{"provider":"SWF","code":"DAWT2","slug":"dawt2","elevation":0,"horizontal_datum":"","vertical_datum":"NGVD29","state":"TX","kind":"PROJECT","nearest_city":"Dawson, TX","public_name":"Navarro Mills Lake","location_code":412048,"nidid":"","aliases":{"NID Dam Name":"NAVARRO MILLS LAKE","NIDID":"TX00009"}},
"geometry":{"type":"Point","coordinates":[-96.7,31.95]}},
{"type":"Feature","properties":{"provider":"SWF","code":"OHIT2","slug":"ohit2","elevation":0,"horizontal_datum":"","vertical_datum":"NGVD29","state":"TX","kind":"PROJECT","nearest_city":"Stacy, TX","public_name":"O. H. Ivie Reservoir","location_code":8106048,"nidid":"","aliases":{}},
"geometry":{"type":"Point","coordinates":[-99.66806,31.50017]}},
{"type":"Feature","properties":{"provider":"SWF","code":"SAGT2","slug":"sagt2","elevation":0,"horizontal_datum":"","vertical_datum":"NGVD29","state":"TX","kind":"PROJECT","nearest_city":"San Angelo, TX","public_name":"O.C. Fisher Lake","location_code":207048,"nidid":"","aliases":{"NID Dam Name":"O C FISHER DAM AND LAKE","NIDID":"TX00012"}},
"geometry":{"type":"Point","coordinates":[-100.48139,31.48444]}},
{"type":"Feature","properties":{"provider":"SWF","code":"PCTT2","slug":"pctt2","elevation":0,"horizontal_datum":"","vertical_datum":"NGVD29","state":"TX","kind":"PROJECT","nearest_city":"Hasse, TX","public_name":"Proctor Lake","location_code":183048,"nidid":"","aliases":{"NID Dam Name":"PROCTOR LAKE","NIDID":"TX00010"}},
"geometry":{"type":"Point","coordinates":[-98.4767,31.9717]}},
{"type":"Feature","properties":{"provider":"SWF","code":"RRLT2","slug":"rrlt2","elevation":0,"horizontal_datum":"","vertical_datum":"NGVD29","state":"TX","kind":"PROJECT","nearest_city":"Aubrey, TX","public_name":"Ray Roberts Lake","location_code":432048,"nidid":"","aliases":{"NID Dam Name":"RAY ROBERTS DAM","NIDID":"TX08008"}},
"geometry":{"type":"Point","coordinates":[-97.0367,33.3567]}},
{"type":"Feature","properties":{"provider":"SWF","code":"FFLT2","slug":"fflt2","elevation":0,"horizontal_datum":"","vertical_datum":"NGVD29","state":"TX","kind":"PROJECT","nearest_city":"Eureka, TX","public_name":"Richland Chambers Reservoir","location_code":2298048,"nidid":"","aliases":{}},
"geometry":{"type":"Point","coordinates":[-96.20664,32.04043]}},
{"type":"Feature","properties":{"provider":"SWF","code":"JSPT2","slug":"jspt2","elevation":0,"horizontal_datum":"","vertical_datum":"NGVD29","state":"TX","kind":"PROJECT","nearest_city":"Brookeland, TX","public_name":"Sam Rayburn Reservoir","location_code":223048,"nidid":"","aliases":{"NIDID":"TX00011","NID Dam Name":"SAM RAYBURN DAM AND RESERVOIR"}},
"geometry":{"type":"Point","coordinates":[-94.10583,31.06056]}},
{"type":"Feature","properties":{"provider":"SWF","code":"SOMT2","slug":"somt2","elevation":0,"horizontal_datum":"","vertical_datum":"NGVD29","state":"TX","kind":"PROJECT","nearest_city":"Somerville, TX","public_name":"Somerville Lake","location_code":187048,"nidid":"","aliases":{"NID Dam Name":"SOMERVILLE LAKE","NIDID":"TX00013"}},
"geometry":{"type":"Point","coordinates":[-96.52556,30.32222]}},
{"type":"Feature","properties":{"provider":"SWF","code":"STIT2","slug":"stit2","elevation":0,"horizontal_datum":"","vertical_datum":"NGVD29","state":"TX","kind":"PROJECT","nearest_city":"Belton, TX","public_name":"Stillhouse Hollow Lake","location_code":191048,"nidid":"","aliases":{"NID Dam Name":"STILLHOUSE-HOLLOW DAM","NIDID":"TX00014"}},
"geometry":{"type":"Point","coordinates":[-97.5325,31.02222]}},
{"type":"Feature","properties":{"provider":"SWF","code":"TBRT2","slug":"tbrt2","elevation":0,"horizontal_datum":"","vertical_datum":"NGVD29","state":"TX","kind":"PROJECT","nearest_city":"Byrne, TX","public_name":"Twin Buttes Reservoir","location_code":211048,"nidid":"","aliases":{"NID Dam Name":"TWIN BUTTES","NIDID":"TX00022"}},
"geometry":{"type":"Point","coordinates":[-100.53843,31.38211]}},
{"type":"Feature","properties":{"provider":"SWF","code":"ACTT2","slug":"actt2","elevation":0,"horizontal_datum":"WGS84","vertical_datum":"NGVD29","state":"TX","kind":"PROJECT","nearest_city":"Waco, TX","public_name":"Waco Lake","location_code":142048,"nidid":"","aliases":{"NID Dam Name":"WACO LAKE","NIDID":"TX00016"}},
"geometry":{"type":"Point","coordinates":[-97.202,31.584]}},
{"type":"Feature","properties":{"provider":"SWF","code":"WTYT2","slug":"wtyt2","elevation":0,"horizontal_datum":"","vertical_datum":"NGVD29","state":"TX","kind":"PROJECT","nearest_city":"Laguna Park, TX","public_name":"Whitney Lake","location_code":195048,"nidid":"","aliases":{"NID Dam Name":"WHITNEY LAKE","NIDID":"TX00017"}},
"geometry":{"type":"Point","coordinates":[-97.37167,31.86528]}},
{"type":"Feature","properties":{"provider":"SWF","code":"TXKT2","slug":"txkt2","elevation":0,"horizontal_datum":"","vertical_datum":"LOCAL","state":"TX","kind":"PROJECT","nearest_city":"Redwater, TX","public_name":"Wright Patman Lake","location_code":239048,"nidid":"","aliases":{"NID Dam Name":"WRIGHT PATMAN DAM AND LAKE","NIDID":"TX00021"}},
"geometry":{"type":"Point","coordinates":[-94.16,33.305]}},
{"type":"Feature","properties":{"provider":"NAP","code":"Beltzville","slug":"beltzville","elevation":1968.5,"horizontal_datum":"NAD83","vertical_datum":"NAVD88","state":"PA","kind":"PROJECT","nearest_city":"Fullerton","public_name":"Beltzville","location_code":831024,"nidid":"","aliases":{}},
"geometry":{"type":"Point","coordinates":[-75.63824,40.84898]}},
{"type":"Feature","properties":{"provider":"NAP","code":"BlueMarsh","slug":"bluemarsh","elevation":0,"horizontal_datum":"NAD83","vertical_datum":"NAVD88","state":"PA","kind":"PROJECT","nearest_city":"Reading","public_name":"Blue Marsh","location_code":1432024,"nidid":"","aliases":{}},
"geometry":{"type":"Point","coordinates":[-76.03272,40.37926]}},
{"type":"Feature","properties":{"provider":"NAP","code":"FEWalter","slug":"fewalter","elevation":0,"horizontal_datum":"NAD83","vertical_datum":"NAVD88","state":"PA","kind":"PROJECT","nearest_city":"Wilkes-Barre","public_name":"F.E. Walter","location_code":1439024,"nidid":"","aliases":{}},
"geometry":{"type":"Point","coordinates":[-75.72047,41.11258]}},
{"type":"Feature","properties":{"provider":"NAP","code":"Jadwin","slug":"jadwin","elevation":0,"horizontal_datum":"NAD83","vertical_datum":"NAVD88","state":"PA","kind":"PROJECT","nearest_city":"Carbondale","public_name":"Jadwin","location_code":760024,"nidid":"","aliases":{}},
"geometry":{"type":"Point","coordinates":[-75.2649,41.61231]}},
{"type":"Feature","properties":{"provider":"NAP","code":"Prompton","slug":"prompton","elevation":3674.54,"horizontal_datum":"NAD83","vertical_datum":"NAVD88","state":"PA","kind":"PROJECT","nearest_city":"Carbondale","public_name":"Prompton","location_code":772024,"nidid":"","aliases":{}},
"geometry":{"type":"Point","coordinates":[-75.32712,41.58842]}},
{"type":"Feature","properties":{"provider":"NWS","code":"ALF","slug":"alf","elevation":2047,"horizontal_datum":"","vertical_datum":"","state":"ID","kind":"PROJECT","nearest_city":"Coeur d'Alene","public_name":"Albeni Falls Dam","location_code":21906028,"nidid":"","aliases":{"NIDID":"ID00319"}},
"geometry":{"type":"Point","coordinates":[-116.99967,48.17925]}},
{"type":"Feature","properties":{"provider":"NWS","code":"UBK","slug":"ubk","elevation":null,"horizontal_datum":"NAD83","vertical_datum":"NGVD29","state":"WA","kind":"PROJECT","nearest_city":"Concrete","public_name":"Baker Lk @ Upr Baker Dm nr Conct","location_code":53544029,"nidid":"","aliases":{"NIDID":"WA00173","USGS Station Number":"12191600","DCP Platform ID":"DD72E41A","NWS Handbook 5 ID":"UBDW1"}},
"geometry":{"type":"Point","coordinates":[-121.6907,48.64929]}},
{"type":"Feature","properties":{"provider":"NWS","code":"BDY","slug":"bdy","elevation":null,"horizontal_datum":"","vertical_datum":"","state":"WA","kind":"PROJECT","nearest_city":"Spokane","public_name":"Boundary Dam","location_code":22037028,"nidid":"","aliases":{"NIDID":"WA00009"},"levels":null},
"geometry":{"type":"Point","coordinates":[-117.3475,48.98722]}},
{"type":"Feature","properties":{"provider":"NWS","code":"BOX","slug":"box","elevation":null,"horizontal_datum":"WGS84","vertical_datum":"NGVD29","state":"WA","kind":"PROJECT","nearest_city":"Spokane","public_name":"Box Canyon Dam","location_code":21946028,"nidid":"","aliases":{"NIDID":"WA01688"},"levels":null},
"geometry":{"type":"Point","coordinates":[-117.4125,48.78028]}},
{"type":"Feature","properties":{"provider":"NWS","code":"CAB","slug":"cab","elevation":null,"horizontal_datum":"","vertical_datum":"","state":"ID","kind":"PROJECT","nearest_city":"Coeur d'Alene","public_name":"Cabinet Gorge Dam","location_code":21894028,"nidid":"","aliases":{"NIDID":"ID00222"},"levels":null},
"geometry":{"type":"Point","coordinates":[-116.06444,48.08667]}},
{"type":"Feature","properties":{"provider":"NWS","code":"CHL","slug":"chl","elevation":null,"horizontal_datum":"","vertical_datum":"","state":"WA","kind":"PROJECT","nearest_city":"Chelan","public_name":"Chelan Dam","location_code":21967028,"nidid":"","aliases":{"NIDID":"WA00004"},"levels":null},
"geometry":{"type":"Point","coordinates":[-120.01201,47.83446]}},
{"type":"Feature","properties":{"provider":"NWS","code":"KER","slug":"ker","elevation":null,"horizontal_datum":"WGS84","vertical_datum":"NGVD29","state":"MT","kind":"PROJECT","nearest_city":"Kalispell","public_name":"Flathead Lk @ SELIS KSANKA QLISPE Dam nr Polson","location_code":21980028,"nidid":"","aliases":{"NIDID":"MT00226"}},
"geometry":{"type":"Point","coordinates":[-114.16886,47.69512]}},
{"type":"Feature","properties":{"provider":"NWS","code":"GOD","slug":"god","elevation":null,"horizontal_datum":"WGS84","vertical_datum":"NGVD29","state":"WA","kind":"PROJECT","nearest_city":"Newhalem","public_name":"Gorge Reservoir nr Nehalem","location_code":49950029,"nidid":"","aliases":{"NIDID":"WA00168"},"levels":null},
"geometry":{"type":"Point","coordinates":[-121.20913,48.69824]}},
{"type":"Feature","properties":{"provider":"NWS","code":"HAH","slug":"hah","elevation":null,"horizontal_datum":"WGS84","vertical_datum":"NGVD29","state":"WA","kind":"PROJECT","nearest_city":"Palmer","public_name":"HOWARD A HANSON DAM","location_code":53847029,"nidid":"","aliases":{"NIDID":"WA00298"}},
"geometry":{"type":"Point","coordinates":[-121.78712,47.27675]}},
{"type":"Feature","properties":{"provider":"NWS","code":"HGH","slug":"hgh","elevation":3196,"horizontal_datum":"WGS84","vertical_datum":"NGVD29","state":"MT","kind":"PROJECT","nearest_city":"Missoula","public_name":"Hungry Horse Dam nr Hungry Horse","location_code":21877028,"nidid":"","aliases":{"NIDID":"MT00565","DCP Platform ID":"345EB372","NWS Handbook 5 ID":"HHWM8"}},
"geometry":{"type":"Point","coordinates":[-114.01333,48.34111]}},
{"type":"Feature","properties":{"provider":"NWS","code":"LIB","slug":"lib","elevation":2342,"horizontal_datum":"WSG84","vertical_datum":"NGVD29","state":"MT","kind":"PROJECT","nearest_city":"Libby","public_name":"LIBBY DAM","location_code":54038029,"nidid":"","aliases":{"NIDID":"MT00652","DCP Platform ID":"CE1192D4","NWS Handbook 5 ID":"LYDM8"}},
"geometry":{"type":"Point","coordinates":[-115.3083,48.41167]}},
{"type":"Feature","properties":{"provider":"NWS","code":"LWSC","slug":"lwsc","elevation":20,"horizontal_datum":"WGS84","vertical_datum":"NGVD29","state":"WA","kind":"PROJECT","nearest_city":"Seattle","public_name":"Lake Washington Ship Canal","location_code":57144029,"nidid":"","aliases":{"NIDID":"WA00301"},"levels":null},
"geometry":{"type":"Point","coordinates":[-122.39457,47.66492]}},
{"type":"Feature","properties":{"provider":"NWS","code":"LLK","slug":"llk","elevation":null,"horizontal_datum":"WGS84","vertical_datum":"NGVD29","state":"WA","kind":"PROJECT","nearest_city":"Spokane","public_name":"Long Lake Dam","location_code":22058028,"nidid":"","aliases":{"NIDID":"WA00021"},"levels":null},
"geometry":{"type":"Point","coordinates":[-117.83972,47.83722]}},
{"type":"Feature","properties":{"provider":"NWS","code":"SHA","slug":"sha","elevation":null,"horizontal_datum":"NAD83","vertical_datum":"NGVD29","state":"WA","kind":"PROJECT","nearest_city":"Concrete, WA","public_name":"Lower Baker Dam","location_code":53335029,"nidid":"","aliases":{"NIDID":"WA83004","USGS Station Number":"12193000"}},
"geometry":{"type":"Point","coordinates":[-121.7407,48.54789]}},
{"type":"Feature","properties":{"provider":"NWS","code":"MMD","slug":"mmd","elevation":null,"horizontal_datum":"WGS84","vertical_datum":"NGVD29","state":"WA","kind":"PROJECT","nearest_city":"Buckley","public_name":"Mud Mountain Dam nr Buckley WA","location_code":54054029,"nidid":"","aliases":{"NIDID":"WA00300"}},
"geometry":{"type":"Point","coordinates":[-121.93131,47.1422]}},
{"type":"Feature","properties":{"provider":"NWS","code":"NOX","slug":"nox","elevation":null,"horizontal_datum":"WGS84","vertical_datum":"NGVD29","state":"MT","kind":"PROJECT","nearest_city":"Kalispell","public_name":"Noxon Dam","location_code":21885028,"nidid":"","aliases":{"NIDID":"MT00223"},"levels":null},
"geometry":{"type":"Point","coordinates":[-115.73444,47.96]}},
{"type":"Feature","properties":{"provider":"NWS","code":"ROS","slug":"ros","elevation":null,"horizontal_datum":"WGS84","vertical_datum":"NGVD29","state":"WA","kind":"PROJECT","nearest_city":"Newhalem","public_name":"Ross Reservoir nr Newhalem","location_code":50024029,"nidid":"","aliases":{"NIDID":"WA00169"}},
"geometry":{"type":"Point","coordinates":[-121.06722,48.73278]}},
{"type":"Feature","properties":{"provider":"NWS","code":"TOM","slug":"tom","elevation":null,"horizontal_datum":"WGS84","vertical_datum":"NGVD29","state":"MT","kind":"PROJECT","nearest_city":"Thompson Falls","public_name":"Thompson Falls Dam","location_code":21977028,"nidid":"","aliases":{"NIDID":"MT00224"},"levels":null},
"geometry":{"type":"Point","coordinates":[-115.3502,47.59149]}},
{"type":"Feature","properties":{"provider":"NWS","code":"WYN","slug":"wyn","elevation":null,"horizontal_datum":"NAD83","vertical_datum":"NGVD29","state":"WA","kind":"PROJECT","nearest_city":"Aberdeen","public_name":"Wynoochee Dam","location_code":49529029,"nidid":"","aliases":{"DCP Platform ID":"F001E38A","USGS Station Number":"12035380","NWS Handbook 5 ID":"WYNW1","NIDID":"WA00302"}},
"geometry":{"type":"Point","coordinates":[-123.60572,47.38537]}},
{"type":"Feature","properties":{"provider":"SAJ","code":"S77","slug":"s77","elevation":0,"horizontal_datum":"WGS84","vertical_datum":"NGVD29","state":"FL","kind":"PROJECT","nearest_city":"Moore Haven","public_name":"Julian Keen, Jr Lock and Dam (S-77)","location_code":2153038,"nidid":"","aliases":{"CWMS Legacy Naming":"S77","NIDID":"FL00306","CWMS Standard Naming":"S77"}},
"geometry":{"type":"Point","coordinates":[-81.08734,26.84026]}},
{"type":"Feature","properties":{"provider":"SAJ","code":"Okeechobee","slug":"okeechobee","elevation":null,"horizontal_datum":"WGS84","vertical_datum":"NGVD29","state":"FL","kind":"PROJECT","nearest_city":"","public_name":"Lake Okeechobee","location_code":1839038,"nidid":"","aliases":{"NIDID":"FL36001","CWMS Legacy Naming":"Okeechobee","CWMS Standard Naming":"Okeechobee"}},
"geometry":{"type":"Point","coordinates":[-80.8099,26.94582]}},
{"type":"Feature","properties":{"provider":"SAJ","code":"S78","slug":"s78","elevation":null,"horizontal_datum":"WGS84","vertical_datum":"NGVD29","state":"FL","kind":"PROJECT","nearest_city":"Ortona","public_name":"Ortona Lock and Dam (S-78)","location_code":2088038,"nidid":"","aliases":{"CWMS Standard Naming":"S78","NIDID":"FL00424","CWMS Legacy Naming":"S78"}},
"geometry":{"type":"Point","coordinates":[-81.30464,26.78936]}},
{"type":"Feature","properties":{"provider":"SAJ","code":"S308","slug":"s308","elevation":0,"horizontal_datum":"WGS84","vertical_datum":"NGVD29","state":"FL","kind":"PROJECT","nearest_city":"Port Mayaca","public_name":"Port Mayaca Lock and Dam (S-308)","location_code":2160038,"nidid":"","aliases":{"CWMS Legacy Naming":"S308","NIDID":"FL00677","CWMS Standard Naming":"S308"}},
"geometry":{"type":"Point","coordinates":[-80.62116,26.98499]}},
{"type":"Feature","properties":{"provider":"SAJ","code":"S80","slug":"s80","elevation":null,"horizontal_datum":"WGS84","vertical_datum":"NGVD29","state":"FL","kind":"PROJECT","nearest_city":"Stuart","public_name":"St Lucie Lock and Dam (S-80)","location_code":2095038,"nidid":"","aliases":{"CWMS Standard Naming":"S80","NIDID":"FL00425","CWMS Legacy Naming":"S80"},"levels":null},
"geometry":{"type":"Point","coordinates":[-80.28487,27.11141]}},
{"type":"Feature","properties":{"provider":"SAJ","code":"S79","slug":"s79","elevation":0,"horizontal_datum":"WGS84","vertical_datum":"NGVD29","state":"FL","kind":"PROJECT","nearest_city":"Moore Haven","public_name":"WP Franklin Lock and Dam (S-79)","location_code":2105038,"nidid":"","aliases":{"CWMS Legacy Naming":"S79","NIDID":"FL00310","CWMS Standard Naming":"S79"}},
"geometry":{"type":"Point","coordinates":[-81.69385,26.72184]}},
{"type":"Feature","properties":{"provider":"SAM","code":"Aberdeen","slug":"aberdeen","elevation":150.03,"horizontal_datum":"NAD83","vertical_datum":"NGVD29","state":"GA","kind":"PROJECT","nearest_city":"Albany, GA","public_name":"Aberdeen Lock and Dam","location_code":17591039,"nidid":"","aliases":{"CWMS Standard Naming":"Aberdeen","USGS Station Number":"02437100","NIDID":"MS03057","CWMS Legacy Naming":"Aberdeen"}},
"geometry":{"type":"Point","coordinates":[-88.51874,33.8308]}},
{"type":"Feature","properties":{"provider":"SAM","code":"Allatoona","slug":"allatoona","elevation":null,"horizontal_datum":"NAD27","vertical_datum":"NGVD29","state":"GA","kind":"PROJECT","nearest_city":"Cartersville, GA","public_name":"Allatoona Dam and Lake","location_code":13257039,"nidid":"","aliases":{"CWMS Standard Naming":"Allatoona","NIDID":"GA03742","CWMS Legacy Naming":"Allatoona"}},
"geometry":{"type":"Point","coordinates":[-84.72778,34.16278]}},
{"type":"Feature","properties":{"provider":"SAM","code":"Amory","slug":"amory","elevation":null,"horizontal_datum":"","vertical_datum":"","state":"MS","kind":"PROJECT","nearest_city":"Columbus","public_name":"Amory Lock and Dam","location_code":26403039,"nidid":"","aliases":{"NIDID":"MS03058","CWMS Legacy Naming":"Amory","CWMS Standard Naming":"Amory"}},
"geometry":{"type":"Point","coordinates":[-88.4891,34.01214]}},
{"type":"Feature","properties":{"provider":"SAM","code":"Bankhead","slug":"bankhead","elevation":0,"horizontal_datum":"NAD27","vertical_datum":"","state":"AL","kind":"PROJECT","nearest_city":"","public_name":"Bankhead Lock and Dam","location_code":13720039,"nidid":"","aliases":{"NIDID":"AL01427","CWMS Legacy Naming":"Bankhead","CWMS Standard Naming":"Bankhead"}},
"geometry":{"type":"Point","coordinates":[-87.35417,33.45833]}},
{"type":"Feature","properties":{"provider":"SAM","code":"Bevill","slug":"bevill","elevation":null,"horizontal_datum":"NAD83","vertical_datum":"NGVD29","state":"AL","kind":"PROJECT","nearest_city":"Columbus","public_name":"Bevill Lock and Dam ","location_code":25512039,"nidid":"","aliases":{"NIDID":"AL01979","USGS Station Number":"02444160","CWMS Legacy Naming":"Bevill","CWMS Standard Naming":"Bevill"}},
"geometry":{"type":"Point","coordinates":[-88.28861,33.21056]}},
{"type":"Feature","properties":{"provider":"SAM","code":"Buford","slug":"buford","elevation":1106,"horizontal_datum":"NAD27","vertical_datum":"NGVD29","state":"GA","kind":"PROJECT","nearest_city":"Alpharetta","public_name":"Buford Dam and Lake Lanier","location_code":32350039,"nidid":"","aliases":{"SHEF Location ID":"CMMG2","CWMS Legacy Naming":"Buford","CWMS Standard Naming":"Buford","NIDID":"GA00824","USGS Station Number":"02334400"}},
"geometry":{"type":"Point","coordinates":[-84.07333,34.16]}},
{"type":"Feature","properties":{"provider":"SAM","code":"Carters","slug":"carters","elevation":0.05,"horizontal_datum":"NAD27","vertical_datum":"NGVD29","state":"GA","kind":"PROJECT","nearest_city":"Carters, GA","public_name":"Carters Dam and Lake","location_code":13261039,"nidid":"","aliases":{"CWMS Standard Naming":"Carters","NIDID":"GA00821","CWMS Legacy Naming":"Carters"}},
"geometry":{"type":"Point","coordinates":[-84.67105,34.61397]}},
{"type":"Feature","properties":{"provider":"SAM","code":"CartersRereg","slug":"cartersrereg","elevation":null,"horizontal_datum":"NAD83","vertical_datum":"","state":"GA","kind":"PROJECT","nearest_city":"Cartersville","public_name":"Carters Reregulation Dam","location_code":13579039,"nidid":"","aliases":{"CWMS Standard Naming":"CartersRereg","NIDID":"GA00822","CWMS Legacy Naming":"CartersRereg"}},
"geometry":{"type":"Point","coordinates":[-84.69355,34.60311]}},
{"type":"Feature","properties":{"provider":"SAM","code":"Claiborne","slug":"claiborne","elevation":null,"horizontal_datum":"NAD83","vertical_datum":"","state":"AL","kind":"PROJECT","nearest_city":"Monroeville, AL","public_name":"Claiborne Lock and Dam","location_code":17537039,"nidid":"","aliases":{"CWMS Standard Naming":"Claiborne","NIDID":"AL01436","CWMS Legacy Naming":"Claiborne"}},
"geometry":{"type":"Point","coordinates":[-87.55038,31.64188]}},
{"type":"Feature","properties":{"provider":"SAM","code":"Coffeeville","slug":"coffeeville","elevation":null,"horizontal_datum":"","vertical_datum":"NGVD29","state":"AL","kind":"PROJECT","nearest_city":"Meridian","public_name":"Coffeeville Lock and Dam","location_code":25969039,"nidid":"","aliases":{"NIDID":"AL01431","CWMS Legacy Naming":"Coffeeville","CWMS Standard Naming":"Coffeeville"}},
"geometry":{"type":"Point","coordinates":[-88.12953,31.75777]}},
{"type":"Feature","properties":{"provider":"SAM","code":"Demopolis","slug":"demopolis","elevation":null,"horizontal_datum":"","vertical_datum":"NGVD29","state":"AL","kind":"PROJECT","nearest_city":"Selma","public_name":"Demopolis Lock and Dam","location_code":26024039,"nidid":"","aliases":{"NIDID":"AL01430","CWMS Legacy Naming":"Demopolis","CWMS Standard Naming":"Demopolis"}},
"geometry":{"type":"Point","coordinates":[-87.87893,32.52194]}},
{"type":"Feature","properties":{"provider":"SAM","code":"Fulton","slug":"fulton","elevation":null,"horizontal_datum":"","vertical_datum":"","state":"MS","kind":"PROJECT","nearest_city":"Corinth","public_name":"Fulton Lock and Dam","location_code":17600039,"nidid":"","aliases":{"NIDID":"MS03060","CWMS Legacy Naming":"Fulton","CWMS Standard Naming":"Fulton"}},
"geometry":{"type":"Point","coordinates":[-88.42507,34.25768]}},
{"type":"Feature","properties":{"provider":"SAM","code":"Montgomery","slug":"montgomery","elevation":340,"horizontal_datum":"NAD83","vertical_datum":"NGVD29","state":"MS","kind":"PROJECT","nearest_city":"Corinth","public_name":"GV Montgomery Lock and Dam","location_code":17606039,"nidid":"","aliases":{"NIDID":"MS03604","CWMS Legacy Naming":"Montgomery","CWMS Standard Naming":"Montgomery"}},
"geometry":{"type":"Point","coordinates":[-88.36497,34.4634]}},
{"type":"Feature","properties":{"provider":"SAM","code":"Andrews","slug":"andrews","elevation":null,"horizontal_datum":"NAD83","vertical_datum":"","state":"GA","kind":"PROJECT","nearest_city":"Coumbia, AL","public_name":"GW Andrews Lock and Dam","location_code":17546039,"nidid":"","aliases":{"CWMS Standard Naming":"Andrews","NIDID":"AL01433","CWMS Legacy Naming":"Andrews"}},
"geometry":{"type":"Point","coordinates":[-85.11116,31.25916]}},
{"type":"Feature","properties":{"provider":"SAM","code":"Wilkins","slug":"wilkins","elevation":null,"horizontal_datum":"","vertical_datum":"","state":"MS","kind":"PROJECT","nearest_city":"Columbus","public_name":"Glover Wilkins Lock and Dam","location_code":17597039,"nidid":"","aliases":{"NIDID":"MS03059","CWMS Legacy Naming":"Wilkins","CWMS Standard Naming":"Wilkins"}},
"geometry":{"type":"Point","coordinates":[-88.42589,34.06487]}},
{"type":"Feature","properties":{"provider":"SAM","code":"Heflin","slug":"heflin","elevation":null,"horizontal_datum":"","vertical_datum":"NGVD29","state":"AL","kind":"PROJECT","nearest_city":"Columbus","public_name":"Heflin Lock and Dam","location_code":26087039,"nidid":"","aliases":{"NIDID":"AL01980","CWMS Legacy Naming":"Heflin","CWMS Standard Naming":"Heflin"}},
"geometry":{"type":"Point","coordinates":[-88.13546,32.83725]}},
{"type":"Feature","properties":{"provider":"SAM","code":"Holt","slug":"holt","elevation":null,"horizontal_datum":"","vertical_datum":"","state":"AL","kind":"PROJECT","nearest_city":"Northport","public_name":"Holt Lock and Dam","location_code":13731039,"nidid":"","aliases":{"CWMS Standard Naming":"Holt","NIDID":"AL01426","CWMS Legacy Naming":"Holt"}},
"geometry":{"type":"Point","coordinates":[-87.44917,33.25306]}},
{"type":"Feature","properties":{"provider":"SAM","code":"Whitten","slug":"whitten","elevation":null,"horizontal_datum":"","vertical_datum":"","state":"MS","kind":"PROJECT","nearest_city":"","public_name":"Jamie Whitten Lock and Dam","location_code":17608039,"nidid":"","aliases":{"CWMS Standard Naming":"Whitten","NIDID":"MS03605","CWMS Legacy Naming":"Whitten"}},
"geometry":{"type":"Point","coordinates":[-88.325,34.52222]}},
{"type":"Feature","properties":{"provider":"SAM","code":"JimWoodruff","slug":"jimwoodruff","elevation":null,"horizontal_datum":"","vertical_datum":"NGVD29","state":"FL","kind":"PROJECT","nearest_city":"Tallahassee","public_name":"Jim Woodruff","location_code":26423039,"nidid":"","aliases":{"NIDID":"FL00435","CWMS Legacy Naming":"JimWoodruff","CWMS Standard Naming":"JimWoodruff"}},
"geometry":{"type":"Point","coordinates":[-84.8643,30.70843]}},
{"type":"Feature","properties":{"provider":"SAM","code":"Rankin","slug":"rankin","elevation":null,"horizontal_datum":"NAD83","vertical_datum":"","state":"MS","kind":"PROJECT","nearest_city":"","public_name":"John Rankin Lock and Dam","location_code":17603039,"nidid":"","aliases":{"NIDID":"MS82201","CWMS Legacy Naming":"Rankin","CWMS Standard Naming":"Rankin"}},
"geometry":{"type":"Point","coordinates":[-88.4082,34.36289]}},
{"type":"Feature","properties":{"provider":"SAM","code":"MillersFerry","slug":"millersferry","elevation":0,"horizontal_datum":"","vertical_datum":"","state":"AL","kind":"PROJECT","nearest_city":"Prattville","public_name":"Millers Ferry","location_code":26048039,"nidid":"","aliases":{"USGS Station Number":"02427505","CWMS Legacy Naming":"MillersFerry","CWMS Standard Naming":"MillersFerry","NIDID":"AL01435"}},
"geometry":{"type":"Point","coordinates":[-87.39916,32.1007]}},
{"type":"Feature","properties":{"provider":"SAM","code":"Okatibbee","slug":"okatibbee","elevation":null,"horizontal_datum":"","vertical_datum":"NGVD29","state":"MS","kind":"PROJECT","nearest_city":"Meridian","public_name":"Okatibbee Lake","location_code":26407039,"nidid":"","aliases":{"NIDID":"MS01491","DCP Platform ID":"CE89F3B2","CWMS Legacy Naming":"Okatibbee","CWMS Standard Naming":"Okatibbee"}},
"geometry":{"type":"Point","coordinates":[-88.79725,32.4749]}},
{"type":"Feature","properties":{"provider":"SAM","code":"Oliver","slug":"oliver","elevation":null,"horizontal_datum":"","vertical_datum":"NGVD29","state":"AL","kind":"PROJECT","nearest_city":"Northport","public_name":"Oliver Lock and Dam","location_code":26074039,"nidid":"","aliases":{"NIDID":"AL01981","CWMS Legacy Naming":"Oliver","CWMS Standard Naming":"Oliver"}},
"geometry":{"type":"Point","coordinates":[-87.59269,33.20884]}},
{"type":"Feature","properties":{"provider":"SAM","code":"RobertFHenry","slug":"robertfhenry","elevation":null,"horizontal_datum":"","vertical_datum":"","state":"GA","kind":"PROJECT","nearest_city":"Prattville","public_name":"Robert F Henry","location_code":26100039,"nidid":"","aliases":{"NIDID":"AL01434","CWMS Legacy Naming":"RobertFHenry","CWMS Standard Naming":"RobertFHenry","USGS Station Name":"02421350"}},
"geometry":{"type":"Point","coordinates":[-86.78403,32.32419]}},
{"type":"Feature","properties":{"provider":"SAM","code":"Selden","slug":"selden","elevation":null,"horizontal_datum":"","vertical_datum":"NGVD29","state":"AL","kind":"PROJECT","nearest_city":"Northport","public_name":"Selden Lock and Dam","location_code":26003039,"nidid":"","aliases":{"NIDID":"AL01429","CWMS Legacy Naming":"Selden","CWMS Standard Naming":"Selden"}},
"geometry":{"type":"Point","coordinates":[-87.84056,32.77778]}},
{"type":"Feature","properties":{"provider":"SAM","code":"Stennis","slug":"stennis","elevation":null,"horizontal_datum":"","vertical_datum":"NGVD29","state":"MS","kind":"PROJECT","nearest_city":"Columbus","public_name":"Stennis Lock and Dam","location_code":25832039,"nidid":"","aliases":{"NIDID":"MS03056","CWMS Legacy Naming":"Stennis","CWMS Standard Naming":"Stennis"}},
"geometry":{"type":"Point","coordinates":[-88.48799,33.51816]}},
{"type":"Feature","properties":{"provider":"SAM","code":"WalterFGeorge","slug":"walterfgeorge","elevation":null,"horizontal_datum":"","vertical_datum":"","state":"AL","kind":"PROJECT","nearest_city":"Eufaula","public_name":"Walter F George","location_code":25898039,"nidid":"","aliases":{"NIDID":"AL01432","CWMS Legacy Naming":"WalterFGeorge","CWMS Standard Naming":"WalterFGeorge","USGS Station Number":"02343240"}},
"geometry":{"type":"Point","coordinates":[-85.06399,31.62554]}},
{"type":"Feature","properties":{"provider":"SAM","code":"WestPoint","slug":"westpoint","elevation":null,"horizontal_datum":"","vertical_datum":"","state":"GA","kind":"PROJECT","nearest_city":"Opelika","public_name":"West Point Dam and Lake","location_code":25912039,"nidid":"","aliases":{"NIDID":"GA00820","CWMS Legacy Naming":"WestPoint","CWMS Standard Naming":"WestPoint"}},
"geometry":{"type":"Point","coordinates":[-85.18814,32.9184]}},
{"type":"Feature","properties":{"provider":"SWG","code":"ADDT2","slug":"addt2","elevation":0,"horizontal_datum":"NAD27","vertical_datum":"NAVD88","state":"TX","kind":"PROJECT","nearest_city":"Houston","public_name":"Addicks Reservoir","location_code":130049,"nidid":"","aliases":{"NIDID":"TX00018","USGS Station Number":"08073000"}},
"geometry":{"type":"Point","coordinates":[-95.62333,29.79111]}},
{"type":"Feature","properties":{"provider":"SWG","code":"TBLT2","slug":"tblt2","elevation":0,"horizontal_datum":"","vertical_datum":"NGVD29","state":"TX","kind":"PROJECT","nearest_city":"Spurger, TX","public_name":"B. A. Steinhagen Lake","location_code":227048,"nidid":"","aliases":{"NIDID":"TX00015"}},
"geometry":{"type":"Point","coordinates":[-94.18,30.79528]}},
{"type":"Feature","properties":{"provider":"SWG","code":"BAKT2","slug":"bakt2","elevation":0,"horizontal_datum":"WGS84","vertical_datum":"","state":"TX","kind":"PROJECT","nearest_city":"Addicks, TX","public_name":"Barker Res nr Addicks, TX","location_code":29049,"nidid":"","aliases":{"NIDID":"TX00019","USGS Station Number":"08072500"}},
"geometry":{"type":"Point","coordinates":[-95.64717,29.76995]}},
{"type":"Feature","properties":{"provider":"SPL","code":"Alamo","slug":"alamo","elevation":1265,"horizontal_datum":"WGS84","vertical_datum":"NGVD29","state":"AZ","kind":"PROJECT","nearest_city":"Prescott","public_name":"Alamo Dam","location_code":157145,"nidid":"","aliases":{"NIDID":"AZ82203"}},
"geometry":{"type":"Point","coordinates":[-113.6017,34.23167]}},
{"type":"Feature","properties":{"provider":"SPL","code":"Brea","slug":"brea","elevation":208,"horizontal_datum":"WGS84","vertical_datum":"NGVD29","state":"CA","kind":"PROJECT","nearest_city":"La Habra","public_name":"Brea Dam","location_code":255145,"nidid":"","aliases":{"NIDID":"CA10016"}},
"geometry":{"type":"Point","coordinates":[-117.925,33.89167]}},
{"type":"Feature","properties":{"provider":"SPL","code":"Carbon Canyon","slug":"carbon%20canyon","elevation":403,"horizontal_datum":"WGS84","vertical_datum":"NGVD29","state":"CA","kind":"PROJECT","nearest_city":"Brea","public_name":"Carbon Canyon Dam","location_code":299145,"nidid":"","aliases":{"NIDID":"CA10017"}},
"geometry":{"type":"Point","coordinates":[-117.8417,33.915]}},
{"type":"Feature","properties":{"provider":"SPL","code":"Fullerton","slug":"fullerton","elevation":261,"horizontal_datum":"WGS84","vertical_datum":"NGVD29","state":"CA","kind":"PROJECT","nearest_city":"Brea","public_name":"Fullerton Dam","location_code":476145,"nidid":"","aliases":{"NIDID":"CA10018"}},
"geometry":{"type":"Point","coordinates":[-117.8833,33.89833]}},
{"type":"Feature","properties":{"provider":"SPL","code":"Hansen","slug":"hansen","elevation":990,"horizontal_datum":"WGS84","vertical_datum":"NGVD29","state":"CA","kind":"PROJECT","nearest_city":"San Fernando","public_name":"Hansen Dam","location_code":518145,"nidid":"","aliases":{"NIDID":"CA10019"}},
"geometry":{"type":"Point","coordinates":[-118.38611,34.26056]}},
{"type":"Feature","properties":{"provider":"SPL","code":"Hoover","slug":"hoover","elevation":1240.16,"horizontal_datum":"WGS84","vertical_datum":"NGVD29","state":"NV","kind":"PROJECT","nearest_city":"Boulder City","public_name":"Hoover Dam","location_code":9514145,"nidid":"","aliases":{"NIDID":"NV10122"},"timeseries":null},
"geometry":{"type":"Point","coordinates":[-114.73722,36.01583]}},
{"type":"Feature","properties":{"provider":"SPL","code":"Lopez","slug":"lopez","elevation":1272,"horizontal_datum":"WGS84","vertical_datum":"NGVD29","state":"CA","kind":"PROJECT","nearest_city":"San Fernando","public_name":"Lopez Dam","location_code":624145,"nidid":"","aliases":{"NIDID":"CA10020"}},
"geometry":{"type":"Point","coordinates":[-118.4083,34.30333]}},
{"type":"Feature","properties":{"provider":"SPL","code":"Mathews Cnyn","slug":"mathews%20cnyn","elevation":5483,"horizontal_datum":"WGS84","vertical_datum":"NGVD29","state":"NV","kind":"PROJECT","nearest_city":"Cedar City","public_name":"Mathews Canyon Dam","location_code":646145,"nidid":"","aliases":{"NIDID":"NV10002"}},
"geometry":{"type":"Point","coordinates":[-114.22361,37.49917]}},
{"type":"Feature","properties":{"provider":"SPL","code":"Mod Roosevelt","slug":"mod%20roosevelt","elevation":2030,"horizontal_datum":"WGS84","vertical_datum":"NGVD29","state":"AZ","kind":"PROJECT","nearest_city":"Apache Junction","public_name":"Mod Roosevelt","location_code":9554145,"nidid":"","aliases":{"NIDID":"AZ10317"},"timeseries":null},
"geometry":{"type":"Point","coordinates":[-111.16152,33.67155]}},
{"type":"Feature","properties":{"provider":"SPL","code":"Mojave","slug":"mojave","elevation":3172,"horizontal_datum":"WGS84","vertical_datum":"NGVD29","state":"CA","kind":"PROJECT","nearest_city":"Apple Valley","public_name":"Mojave Dam","location_code":674145,"nidid":"","aliases":{"NIDID":"CA10021"}},
"geometry":{"type":"Point","coordinates":[-117.23806,34.3425]}},
{"type":"Feature","properties":{"provider":"SPL","code":"Painted Rock","slug":"painted%20rock","elevation":705,"horizontal_datum":"WGS84","vertical_datum":"NGVD29","state":"AZ","kind":"PROJECT","nearest_city":"Sun City West","public_name":"Painted Rock Dam","location_code":726145,"nidid":"","aliases":{"NIDID":"AZ10002"}},
"geometry":{"type":"Point","coordinates":[-113.01028,33.07528]}},
{"type":"Feature","properties":{"provider":"SPL","code":"Pine Cnyn","slug":"pine%20cnyn","elevation":5690,"horizontal_datum":"WGS84","vertical_datum":"NGVD29","state":"NV","kind":"PROJECT","nearest_city":"Cedar City","public_name":"Pine Cnyn Dam","location_code":761145,"nidid":"","aliases":{"NIDID":"NV10001"}},
"geometry":{"type":"Point","coordinates":[-114.30667,37.47722]}},
{"type":"Feature","properties":{"provider":"SPL","code":"Prado","slug":"prado","elevation":470,"horizontal_datum":"WGS84","vertical_datum":"NGVD29","state":"CA","kind":"PROJECT","nearest_city":"Norco","public_name":"Prado Dam","location_code":777145,"nidid":"","aliases":{"NIDID":"CA10022"}},
"geometry":{"type":"Point","coordinates":[-117.63611,33.89028]}},
{"type":"Feature","properties":{"provider":"SPL","code":"San Antonio","slug":"san%20antonio","elevation":2125,"horizontal_datum":"WGS84","vertical_datum":"NGVD29","state":"CA","kind":"PROJECT","nearest_city":"Claremont","public_name":"San Antonio Dam","location_code":839145,"nidid":"","aliases":{"NIDID":"CA10023"}},
"geometry":{"type":"Point","coordinates":[-117.68139,34.1575]}},
{"type":"Feature","properties":{"provider":"SPL","code":"Santa Fe","slug":"santa%20fe","elevation":421,"horizontal_datum":"WGS84","vertical_datum":"NGVD29","state":"CA","kind":"PROJECT","nearest_city":"Vincent","public_name":"Santa Fe Dam","location_code":878145,"nidid":"","aliases":{"NIDID":"CA10024"}},
"geometry":{"type":"Point","coordinates":[-117.96861,34.11333]}},
{"type":"Feature","properties":{"provider":"SPL","code":"Sepulveda","slug":"sepulveda","elevation":690,"horizontal_datum":"WGS84","vertical_datum":"NGVD29","state":"CA","kind":"PROJECT","nearest_city":"Beverly Hills","public_name":"Sepulveda Dam","location_code":905145,"nidid":"","aliases":{"NIDID":"CA10025"}},
"geometry":{"type":"Point","coordinates":[-118.47361,34.16667]}},
{"type":"Feature","properties":{"provider":"SPL","code":"Seven Oaks","slug":"seven%20oaks","elevation":2100,"horizontal_datum":"WGS84","vertical_datum":"NGVD29","state":"CA","kind":"PROJECT","nearest_city":"Redlands","public_name":"Seven Oaks Dam","location_code":909145,"nidid":"","aliases":{"NIDID":"CA10324"}},
"geometry":{"type":"Point","coordinates":[-117.09389,34.11556]}},
{"type":"Feature","properties":{"provider":"SPL","code":"Tat Momolikat","slug":"tat%20momolikat","elevation":1558,"horizontal_datum":"WGS84","vertical_datum":"NGVD29","state":"AZ","kind":"PROJECT","nearest_city":"Casa Grande","public_name":"Tat Momolikat Dam","location_code":964145,"nidid":"","aliases":{"NIDID":"AZ10008"}},
"geometry":{"type":"Point","coordinates":[-111.92667,32.65028]}},
{"type":"Feature","properties":{"provider":"SPL","code":"Twitchell","slug":"twitchell","elevation":692,"horizontal_datum":"WGS84","vertical_datum":"NGVD29","state":"CA","kind":"PROJECT","nearest_city":"Arroyo Grande","public_name":"Twitchell Dam","location_code":992145,"nidid":"","aliases":{"NIDID":"CA10197"},"timeseries":null},
"geometry":{"type":"Point","coordinates":[-120.32278,34.98417]}},
{"type":"Feature","properties":{"provider":"SPL","code":"Whitlow Ranch","slug":"whitlow%20ranch","elevation":2199,"horizontal_datum":"WGS84","vertical_datum":"NGVD29","state":"AZ","kind":"PROJECT","nearest_city":"Mesa","public_name":"Whitlow Ranch Dam","location_code":1050145,"nidid":"","aliases":{"NIDID":"AZ10004"}},
"geometry":{"type":"Point","coordinates":[-111.27583,33.29889]}},
{"type":"Feature","properties":{"provider":"SPL","code":"WN Rio Hondo","slug":"wn%20rio%20hondo","elevation":183,"horizontal_datum":"WGS84","vertical_datum":"NGVD29","state":"CA","kind":"PROJECT","nearest_city":"Pico Rivera","public_name":"Whittier Narrows Dam Rio Hondo","location_code":1064145,"nidid":"","aliases":{"NIDID":"CA10027"}},
"geometry":{"type":"Point","coordinates":[-118.08389,34.02028]}},
{"type":"Feature","properties":{"provider":"SPL","code":"WN San Gabriel","slug":"wn%20san%20gabriel","elevation":200,"horizontal_datum":"WGS84","vertical_datum":"NGVD29","state":"CA","kind":"PROJECT","nearest_city":"South El Monte","public_name":"Whittier Narrows Dam SanGabriel","location_code":1070145,"nidid":"","aliases":{}},
"geometry":{"type":"Point","coordinates":[-118.05417,34.02028]}},
{"type":"Feature","properties":{"provider":"LRC","code":"IL03","slug":"il03","elevation":null,"horizontal_datum":"","vertical_datum":"NGVD29","state":"IL","kind":"PROJECT","nearest_city":"Rockdale","public_name":"Illinois River Brandon Road LD","location_code":2314017,"nidid":"","aliases":{"NIDID":"IL00001","CWMS Legacy Naming":"IL03","CWMS Standard Naming":"IL03"}},
"geometry":{"type":"Point","coordinates":[-88.10507,41.50224]}},
{"type":"Feature","properties":{"provider":"NWK","code":"BSPM","slug":"bspm","elevation":null,"horizontal_datum":"WGS84","vertical_datum":"NGVD29","state":"MO","kind":"PROJECT","nearest_city":"Independence","public_name":"Blue Springs Dam & Reservoir","location_code":15200030,"nidid":"","aliases":{"NIDID":"MO12099","USGS Station Number":"06893885","NWS Handbook 5 ID":"BSZM7"}},
"geometry":{"type":"Point","coordinates":[-94.33546,39.0172]}},
{"type":"Feature","properties":{"provider":"NWK","code":"BONY","slug":"bony","elevation":null,"horizontal_datum":"","vertical_datum":"","state":"CO","kind":"PROJECT","nearest_city":"Sterling","public_name":"Bonny Dam","location_code":30755030,"nidid":"","aliases":{"NIDID":"CO01300"}},
"geometry":{"type":"Point","coordinates":[-102.17472,39.62376]}},
{"type":"Feature","properties":{"provider":"NWK","code":"CEBL","slug":"cebl","elevation":null,"horizontal_datum":"WGS84","vertical_datum":"NGVD29","state":"KS","kind":"PROJECT","nearest_city":"Hays","public_name":"Cedar Bluff Dam","location_code":5480030,"nidid":"","aliases":{"NIDID":"KS00019","NWS Handbook 5 ID":"ELSK1","USGS Station Number":"06861500"}},
"geometry":{"type":"Point","coordinates":[-99.72374,38.78816]}},
{"type":"Feature","properties":{"provider":"NWK","code":"CLIN","slug":"clin","elevation":null,"horizontal_datum":"","vertical_datum":"","state":"KS","kind":"PROJECT","nearest_city":"Lawrence","public_name":"Clinton Dam & Reservoir","location_code":5488030,"nidid":"","aliases":{"NIDID":"KS00026","NWS Handbook 5 ID":"CLIK1","USGS Station Number":"06891478"}},
"geometry":{"type":"Point","coordinates":[-95.33058,38.92478]}},
{"type":"Feature","properties":{"provider":"NWK","code":"ENDS","slug":"ends","elevation":null,"horizontal_datum":"","vertical_datum":"","state":"NE","kind":"PROJECT","nearest_city":"North Platte","public_name":"Enders Dam","location_code":31822030,"nidid":"","aliases":{"NIDID":"NE01070"}},
"geometry":{"type":"Point","coordinates":[-101.51812,40.42077]}},
{"type":"Feature","properties":{"provider":"NWK","code":"GLEL","slug":"glel","elevation":null,"horizontal_datum":"","vertical_datum":"","state":"KS","kind":"PROJECT","nearest_city":"Hays","public_name":"Glen Elder Dam (Waconda Lake)","location_code":5538030,"nidid":"","aliases":{"NIDID":"KS00021"}},
"geometry":{"type":"Point","coordinates":[-98.31612,39.48002]}},
{"type":"Feature","properties":{"provider":"NWK","code":"HACO","slug":"haco","elevation":null,"horizontal_datum":"","vertical_datum":"","state":"NE","kind":"PROJECT","nearest_city":"Kearney","public_name":"Harlan County Dam & Reservoir","location_code":5542030,"nidid":"","aliases":{"NIDID":"NE01066","USGS Station Number":"06849000"}},
"geometry":{"type":"Point","coordinates":[-99.21185,40.06975]}},
{"type":"Feature","properties":{"provider":"NWK","code":"HAST","slug":"hast","elevation":null,"horizontal_datum":"","vertical_datum":"NGVD29","state":"MO","kind":"PROJECT","nearest_city":"Warsaw","public_name":"Harry S Truman Dam & Reservoir","location_code":15347030,"nidid":"","aliases":{"NIDID":"MO20725"}},
"geometry":{"type":"Point","coordinates":[-93.40549,38.263]}},
{"type":"Feature","properties":{"provider":"NWK","code":"HILS","slug":"hils","elevation":null,"horizontal_datum":"","vertical_datum":"","state":"KS","kind":"PROJECT","nearest_city":"Olathe","public_name":"Hillsdale Dam & Reservoir","location_code":5548030,"nidid":"","aliases":{"NIDID":"KS82201","USGS Station Number":"06914995"}},
"geometry":{"type":"Point","coordinates":[-94.90265,38.65388]}},
{"type":"Feature","properties":{"provider":"NWK","code":"KANS","slug":"kans","elevation":null,"horizontal_datum":"","vertical_datum":"","state":"00","kind":"PROJECT","nearest_city":"","public_name":"Kanopolis Dam & Reservoir","location_code":5558030,"nidid":"","aliases":{"NIDID":"KS00005","USGS Station Number":"06865000"}},
"geometry":{"type":"Point","coordinates":[-97.9673,38.61588]}},
{"type":"Feature","properties":{"provider":"NWK","code":"KIRN","slug":"kirn","elevation":null,"horizontal_datum":"","vertical_datum":"","state":"KS","kind":"PROJECT","nearest_city":"Kearney","public_name":"Kirwin Dam","location_code":5564030,"nidid":"","aliases":{"NIDID":"KS00022","USGS Station Number":"06871700"}},
"geometry":{"type":"Point","coordinates":[-99.13048,39.66156]}},
{"type":"Feature","properties":{"provider":"NWK","code":"LNGB","slug":"lngb","elevation":null,"horizontal_datum":"WGS84","vertical_datum":"NGVD29","state":"MO","kind":"PROJECT","nearest_city":"Macon","public_name":"Long Branch Dam & Reservoir","location_code":5580030,"nidid":"","aliases":{"NIDID":"MO11176","USGS Station Number":"06906190"}},
"geometry":{"type":"Point","coordinates":[-92.51515,39.75216]}},
{"type":"Feature","properties":{"provider":"NWK","code":"LGVM","slug":"lgvm","elevation":null,"horizontal_datum":"","vertical_datum":"","state":"MO","kind":"PROJECT","nearest_city":"Lee's Summit","public_name":"Longview Dam & Reservoir","location_code":5574030,"nidid":"","aliases":{"NIDID":"MO82202","USGS Station Number":"06893791"}},
"geometry":{"type":"Point","coordinates":[-94.46833,38.92345]}},
{"type":"Feature","properties":{"provider":"NWK","code":"LOVL","slug":"lovl","elevation":null,"horizontal_datum":"","vertical_datum":"","state":"KS","kind":"PROJECT","nearest_city":"Beatrice","public_name":"Lovewell Dam","location_code":5588030,"nidid":"","aliases":{"NIDID":"KS00023","USGS Station Number":"06853900"}},
"geometry":{"type":"Point","coordinates":[-98.02721,39.88704]}},
{"type":"Feature","properties":{"provider":"NWK","code":"MECR","slug":"mecr","elevation":null,"horizontal_datum":"","vertical_datum":"","state":"NE","kind":"PROJECT","nearest_city":"Cambridge, NE","public_name":"Medicine Cr Dam (Harry Strunk L)","location_code":33076030,"nidid":"","aliases":{"NIDID":"NE01073"}},
"geometry":{"type":"Point","coordinates":[-100.21847,40.37874]}},
{"type":"Feature","properties":{"provider":"NWK","code":"MELN","slug":"meln","elevation":null,"horizontal_datum":"","vertical_datum":"","state":"KS","kind":"PROJECT","nearest_city":"Ottawa","public_name":"Melvern Dam & Reservoir","location_code":15302030,"nidid":"","aliases":{"NIDID":"KS00007","NWS Handbook 5 ID":"MLVK1"}},
"geometry":{"type":"Point","coordinates":[-95.70823,38.51065]}},
{"type":"Feature","properties":{"provider":"NWK","code":"MILD","slug":"mild","elevation":null,"horizontal_datum":"","vertical_datum":"","state":"KS","kind":"PROJECT","nearest_city":"Fort Riley North","public_name":"Milford Dam & Reservoir","location_code":5604030,"nidid":"","aliases":{"NIDID":"KS00008","USGS Station Number":"06857050"}},
"geometry":{"type":"Point","coordinates":[-96.89699,39.08526]}},
{"type":"Feature","properties":{"provider":"NWK","code":"NORN","slug":"norn","elevation":null,"horizontal_datum":"","vertical_datum":"","state":"KS","kind":"PROJECT","nearest_city":"Kearney","public_name":"Norton Dam (Keith Sebelius Lake)","location_code":5631030,"nidid":"","aliases":{"NIDID":"KS00024","USGS Station Number":"06847951"}},
"geometry":{"type":"Point","coordinates":[-99.93231,39.80348]}},
{"type":"Feature","properties":{"provider":"NWK","code":"PERY","slug":"pery","elevation":null,"horizontal_datum":"","vertical_datum":"","state":"00","kind":"PROJECT","nearest_city":"","public_name":"Perry Dam & Reservoir","location_code":5651030,"nidid":"","aliases":{"NIDID":"KS00009","USGS Station Number":"06890898"}},
"geometry":{"type":"Point","coordinates":[-95.42653,39.11336]}},
{"type":"Feature","properties":{"provider":"NWK","code":"PODT","slug":"podt","elevation":null,"horizontal_datum":"","vertical_datum":"","state":"MO","kind":"PROJECT","nearest_city":"Sedalia","public_name":"Pomme de Terre Dam & Reservoir","location_code":15222030,"nidid":"","aliases":{"NIDID":"MO30201"}},
"geometry":{"type":"Point","coordinates":[-93.31768,37.90342]}},
{"type":"Feature","properties":{"provider":"NWK","code":"POMA","slug":"poma","elevation":null,"horizontal_datum":"","vertical_datum":"","state":"KS","kind":"PROJECT","nearest_city":"Ottawa","public_name":"Pomona Dam & Reservoir","location_code":5663030,"nidid":"","aliases":{"NIDID":"KS00010","USGS Station Number":"06912490"}},
"geometry":{"type":"Point","coordinates":[-95.5582,38.65128]}},
{"type":"Feature","properties":{"provider":"NWK","code":"RATN","slug":"ratn","elevation":null,"horizontal_datum":"","vertical_datum":"","state":"IA","kind":"PROJECT","nearest_city":"Oskaloosa","public_name":"Rathbun Dam & Reservoir","location_code":5673030,"nidid":"","aliases":{"NIDID":"IA00016","USGS Station Number":"06903880"}},
"geometry":{"type":"Point","coordinates":[-92.88733,40.8261]}},
{"type":"Feature","properties":{"provider":"NWK","code":"REWI","slug":"rewi","elevation":null,"horizontal_datum":"","vertical_datum":"","state":"00","kind":"PROJECT","nearest_city":"","public_name":"Red Willow Dam (Hugh Butler L)","location_code":33427030,"nidid":"","aliases":{"NIDID":"NE01076"}},
"geometry":{"type":"Point","coordinates":[-100.66818,40.35765]}},
{"type":"Feature","properties":{"provider":"NWK","code":"SMIE","slug":"smie","elevation":null,"horizontal_datum":"","vertical_datum":"","state":"MO","kind":"PROJECT","nearest_city":"Liberty","public_name":"Smithville Dam & Reservoir","location_code":15251030,"nidid":"","aliases":{"NIDID":"MO12084"}},
"geometry":{"type":"Point","coordinates":[-94.55673,39.39941]}},
{"type":"Feature","properties":{"provider":"NWK","code":"STON","slug":"ston","elevation":null,"horizontal_datum":"WGS84","vertical_datum":"NGVD29","state":"MO","kind":"PROJECT","nearest_city":"Stockton","public_name":"Stockton Dam & Reservoir","location_code":5706030,"nidid":"","aliases":{"NIDID":"MO30200","USGS Station Number":"06918990"}},
"geometry":{"type":"Point","coordinates":[-93.76954,37.69382]}},
{"type":"Feature","properties":{"provider":"NWK","code":"TREN","slug":"tren","elevation":null,"horizontal_datum":"","vertical_datum":"","state":"NE","kind":"PROJECT","nearest_city":"North Platte","public_name":"Trenton Dam (Swanson Lake)","location_code":32746030,"nidid":"","aliases":{"NIDID":"NE01078"}},
"geometry":{"type":"Point","coordinates":[-101.06373,40.17187]}},
{"type":"Feature","properties":{"provider":"NWK","code":"TUCR","slug":"tucr","elevation":null,"horizontal_datum":"NAD27","vertical_datum":"","state":"00","kind":"PROJECT","nearest_city":"","public_name":"Tuttle Creek Dam & Reservoir","location_code":5722030,"nidid":"","aliases":{"NIDID":"KS00012","USGS Station Number":"06886900"}},
"geometry":{"type":"Point","coordinates":[-96.59083,39.25583]}},
{"type":"Feature","properties":{"provider":"NWK","code":"WEBR","slug":"webr","elevation":null,"horizontal_datum":"","vertical_datum":"","state":"KS","kind":"PROJECT","nearest_city":"Hays","public_name":"Webster Dam","location_code":5728030,"nidid":"","aliases":{"NIDID":"KS00025","USGS Station Number":"06873100"}},
"geometry":{"type":"Point","coordinates":[-99.42539,39.40883]}},
{"type":"Feature","properties":{"provider":"NWK","code":"WILN","slug":"wiln","elevation":null,"horizontal_datum":"","vertical_datum":"","state":"00","kind":"PROJECT","nearest_city":"","public_name":"Wilson Dam & Reservoir","location_code":5734030,"nidid":"","aliases":{"NIDID":"KS00013","USGS Station Number":"06868100"}},
"geometry":{"type":"Point","coordinates":[-98.49567,38.96563]}},
{"type":"Feature","properties":{"provider":"NWP","code":"APP","slug":"app","elevation":1800,"horizontal_datum":"NAD83","vertical_datum":"NGVD29","state":"OR","kind":"PROJECT","nearest_city":"Copper","public_name":"Applegate Lake near Copper","location_code":48186029,"nidid":"","aliases":{"DCP Platform ID":"CE803E22","NIDID":"OR00624","USGS Station Number":"14361900","NWS Handbook 5 ID":"APLO3"}},
"geometry":{"type":"Point","coordinates":[-123.10949,42.05679]}},
{"type":"Feature","properties":{"provider":"NWP","code":"BCL","slug":"bcl","elevation":1100,"horizontal_datum":"NAD83","vertical_datum":"NGVD29","state":"OR","kind":"PROJECT","nearest_city":"Detroit","public_name":"Big Cliff Dam","location_code":47588029,"nidid":"","aliases":{"NWS Handbook 5 ID":"BCLO3","NIDID":"OR00003","USGS Station Number":"14181400","DCP Platform ID":"CE78F35C"}},
"geometry":{"type":"Point","coordinates":[-122.283,44.75092]}},
{"type":"Feature","properties":{"provider":"NWP","code":"BLU","slug":"blu","elevation":null,"horizontal_datum":"NAD83","vertical_datum":"NGVD29","state":"OR","kind":"PROJECT","nearest_city":"Blue River","public_name":"Blue River Dam","location_code":50783029,"nidid":"","aliases":{"DCP Platform ID":"CE78FD8E","NIDID":"OR00013","USGS Station Number":"14162100"}},
"geometry":{"type":"Point","coordinates":[-122.32542,44.1725]}},
{"type":"Feature","properties":{"provider":"NWP","code":"COT","slug":"cot","elevation":709.7,"horizontal_datum":"NAD83","vertical_datum":"NGVD29","state":"OR","kind":"PROJECT","nearest_city":"Cottage Grove","public_name":"Cottage Grove Dam","location_code":50943029,"nidid":"","aliases":{"DCP Platform ID":"CE7934B8","NIDID":"OR00005","USGS Station Number":"14153000"}},
"geometry":{"type":"Point","coordinates":[-123.04981,43.71592]}},
{"type":"Feature","properties":{"provider":"NWP","code":"CGR","slug":"cgr","elevation":null,"horizontal_datum":"WGS84","vertical_datum":"NGVD29","state":"OR","kind":"PROJECT","nearest_city":"Rainbow","public_name":"Cougar Dam","location_code":50103029,"nidid":"","aliases":{"DCP Platform ID2":"162E8F08","NIDID":"OR00015","USGS Station Number":"14159400","DCP Platform ID3":"CE0BF1FE","DCP Platform ID":"CE7A8EEA"}},
"geometry":{"type":"Point","coordinates":[-122.24472,44.12778]}},
{"type":"Feature","properties":{"provider":"NWP","code":"DET","slug":"det","elevation":1400,"horizontal_datum":"NAD83","vertical_datum":"NGVD29","state":"OR","kind":"PROJECT","nearest_city":"Detroit","public_name":"Detroit Dam","location_code":48454029,"nidid":"","aliases":{"NWS Handbook 5 ID":"DETO3","NIDID":"OR00004","USGS Station Number":"14180500","DCP Platform ID":"CE78EEF8"}},
"geometry":{"type":"Point","coordinates":[-122.25017,44.72147]}},
{"type":"Feature","properties":{"provider":"NWP","code":"DEX","slug":"dex","elevation":null,"horizontal_datum":"NAD83","vertical_datum":"NGVD29","state":"OR","kind":"PROJECT","nearest_city":"Dexter","public_name":"Dexter Dam","location_code":50989029,"nidid":"","aliases":{"DCP Platform ID":"CE7AF6A8","NIDID":"OR00006","USGS Station Number":"14149500"}},
"geometry":{"type":"Point","coordinates":[-122.80556,43.92397]}},
{"type":"Feature","properties":{"provider":"NWP","code":"DOR","slug":"dor","elevation":null,"horizontal_datum":"NAD83","vertical_datum":"NGVD29","state":"OR","kind":"PROJECT","nearest_city":"Dorena","public_name":"Dorena Dam","location_code":51034029,"nidid":"","aliases":{"DCP Platform ID":"CE794228","NIDID":"OR00008","USGS Station Number":"14155000"}},
"geometry":{"type":"Point","coordinates":[-122.95475,43.78661]}},
{"type":"Feature","properties":{"provider":"NWP","code":"FAL","slug":"fal","elevation":0,"horizontal_datum":"NAD83","vertical_datum":"NGVD29","state":"OR","kind":"PROJECT","nearest_city":"Lowell","public_name":"Fall Creek Dam","location_code":51112029,"nidid":"","aliases":{"DCP Platform ID":"CE7578FC","NIDID":"OR00007","USGS Station Number":"14150900"}},
"geometry":{"type":"Point","coordinates":[-122.75817,43.94581]}},
{"type":"Feature","properties":{"provider":"NWP","code":"FRN","slug":"frn","elevation":0,"horizontal_datum":"NAD83","vertical_datum":"NGVD29","state":"OR","kind":"PROJECT","nearest_city":"Alvadore","public_name":"Fern Ridge Dam","location_code":51485029,"nidid":"","aliases":{"DCP Platform ID":"CE794CFA","NIDID":"OR00016","USGS Station Number":"14168000"}},
"geometry":{"type":"Point","coordinates":[-123.30156,44.12]}},
{"type":"Feature","properties":{"provider":"NWP","code":"FOS","slug":"fos","elevation":500,"horizontal_datum":"NAD27","vertical_datum":"NGVD29","state":"OR","kind":"PROJECT","nearest_city":"Sweet Home","public_name":"Foster Reservoir","location_code":48514029,"nidid":"","aliases":{"DCP Platform ID":"CE78663E","NIDID":"OR00012","USGS Station Number":"14186600","NWS Handbook 5 ID":"FOSO3"}},
"geometry":{"type":"Point","coordinates":[-122.67,44.415]}},
{"type":"Feature","properties":{"provider":"NWP","code":"GPR","slug":"gpr","elevation":0,"horizontal_datum":"NAD27","vertical_datum":"NGVD29","state":"OR","kind":"PROJECT","nearest_city":"Sweet Home","public_name":"Green Peter Reservoir","location_code":48574029,"nidid":"","aliases":{"NWS Handbook 5 ID":"GPRO3","NIDID":"OR00010","USGS Station Number":"14186100","DCP Platform ID2":"CE7D61FE","DCP Platform ID":"CE785D76"}},
"geometry":{"type":"Point","coordinates":[-122.54889,44.45]}},
{"type":"Feature","properties":{"provider":"NWP","code":"HCR","slug":"hcr","elevation":0,"horizontal_datum":"NAD83","vertical_datum":"NGVD29","state":"OR","kind":"PROJECT","nearest_city":"Springfield","public_name":"Hills Creek Dam","location_code":51142029,"nidid":"","aliases":{"DCP Platform ID":"CE7AA6D4","NIDID":"OR00014","USGS Station Number":"14145100"}},
"geometry":{"type":"Point","coordinates":[-122.42181,43.70981]}},
{"type":"Feature","properties":{"provider":"NWP","code":"LOP","slug":"lop","elevation":0,"horizontal_datum":"NAD83","vertical_datum":"NGVD29","state":"OR","kind":"PROJECT","nearest_city":"Dexter","public_name":"Lookout Point Dam","location_code":51231029,"nidid":"","aliases":{"DCP Platform ID":"CE7A934E","NIDID":"OR00009","USGS Station Number":"14149000","DCP Platform ID2":"CE7D6F2C","NWS Handbook 5 ID":"LOPO3"}},
"geometry":{"type":"Point","coordinates":[-122.75236,43.91511]}},
{"type":"Feature","properties":{"provider":"NWP","code":"LOS","slug":"los","elevation":1800,"horizontal_datum":"NAD83","vertical_datum":"NGVD29","state":"OR","kind":"PROJECT","nearest_city":"Mcleod","public_name":"Lost Creek Dam","location_code":48202029,"nidid":"","aliases":{"DCP Platform ID":"CE806E5E","NIDID":"OR00612","USGS Station Number":"14335040","NWS Handbook 5 ID":"LOSO3"}},
"geometry":{"type":"Point","coordinates":[-122.67476,42.67096]}},
{"type":"Feature","properties":{"provider":"NWP","code":"WIL","slug":"wil","elevation":2000,"horizontal_datum":"NAD83","vertical_datum":"NGVD29","state":"OR","kind":"PROJECT","nearest_city":"Heppner","public_name":"Willow Creek Lake at Heppner","location_code":47608029,"nidid":"","aliases":{"NWS Handbook 5 ID":"WLOO3","NIDID":"OR00746","USGS Station Number":"14034490","DCP Platform ID":"CE7B04D6"}},
"geometry":{"type":"Point","coordinates":[-119.54474,45.34707]}},
{"type":"Feature","properties":{"provider":"SAS","code":"Hartwell","slug":"hartwell","elevation":679,"horizontal_datum":"NAD27","vertical_datum":"NGVD29","state":"GA","kind":"PROJECT","nearest_city":"Hartwell, GA","public_name":"HARTWELL DAM","location_code":50040,"nidid":"","aliases":{"NIDID":"GA01702"}},
"geometry":{"type":"Point","coordinates":[-82.82138,34.35746]}},
{"type":"Feature","properties":{"provider":"SAS","code":"Jocassee","slug":"jocassee","elevation":1010,"horizontal_datum":"NAD27","vertical_datum":"NGVD29","state":"SC","kind":"PROJECT","nearest_city":"Salem","public_name":"JOCASSEE DAM","location_code":211040,"nidid":"","aliases":{"NIDID":"SC02835"},"timeseries":null,"levels":null},
"geometry":{"type":"Point","coordinates":[-82.9187,34.96]}},
{"type":"Feature","properties":{"provider":"SAS","code":"Keowee","slug":"keowee","elevation":1010,"horizontal_datum":"NAD27","vertical_datum":"NGVD29","state":"SC","kind":"PROJECT","nearest_city":"Salem","public_name":"JOCASSEE DAM","location_code":212040,"nidid":"","aliases":{"NIDID":"SC02805"},"timeseries":null,"levels":null},
"geometry":{"type":"Point","coordinates":[-82.9187,34.96]}},
{"type":"Feature","properties":{"provider":"SAS","code":"NSBLD","slug":"nsbld","elevation":null,"horizontal_datum":"NAD27","vertical_datum":"NGVD29","state":"GA","kind":"PROJECT","nearest_city":"","public_name":"New Savannah Bluff L&D","location_code":43040,"nidid":"","aliases":{"NIDID":"GA01703"},"timeseries":null},
"geometry":{"type":"Point","coordinates":[-81.9416,33.3744]}},
{"type":"Feature","properties":{"provider":"SAS","code":"Russell","slug":"russell","elevation":495,"horizontal_datum":"NAD27","vertical_datum":"NGVD29","state":"GA","kind":"PROJECT","nearest_city":"Calhoun Falls, SC","public_name":"Richard B. Russell Dam","location_code":68040,"nidid":"","aliases":{"NIDID":"GA01705"}},
"geometry":{"type":"Point","coordinates":[-82.59403,34.0253]}},
{"type":"Feature","properties":{"provider":"SAS","code":"Thurmond","slug":"thurmond","elevation":351,"horizontal_datum":"NAD27","vertical_datum":"NGVD29","state":"SC","kind":"PROJECT","nearest_city":"Augusta, GA","public_name":"THURMOND DAM","location_code":40,"nidid":"","aliases":{"NIDID":"GA01701"}},
"geometry":{"type":"Point","coordinates":[-82.19986,33.66125]}},
{"type":"Feature","properties":{"provider":"SPK","code":"Bear","slug":"bear","elevation":318.01,"horizontal_datum":"WGS84","vertical_datum":"NGVD29","state":"CA","kind":"PROJECT","nearest_city":"Atwater","public_name":"Bear Dam & Reservoir","location_code":3981919044,"nidid":"","aliases":{"NIDID":"CA10101"}},
"geometry":{"type":"Point","coordinates":[-120.23528,37.35806]}},
{"type":"Feature","properties":{"provider":"SPK","code":"Big Dry Cr","slug":"big%20dry%20cr","elevation":399,"horizontal_datum":"","vertical_datum":"NGVD29","state":"CA","kind":"PROJECT","nearest_city":"Clovis","public_name":"Big Dry Creek Dam","location_code":13783044,"nidid":"","aliases":{"NIDID":"CA01075"}},
"geometry":{"type":"Point","coordinates":[-119.66667,36.88333]}},
{"type":"Feature","properties":{"provider":"SPK","code":"Black Butte","slug":"black%20butte","elevation":425.98,"horizontal_datum":"WGS84","vertical_datum":"NGVD29","state":"CA","kind":"PROJECT","nearest_city":"Orland","public_name":"Black Butte Lake","location_code":3975754044,"nidid":"","aliases":{"NIDID":"CA10102","SPK Oldnames":"BLB BLB"}},
"geometry":{"type":"Point","coordinates":[-122.35817,39.80062]}},
{"type":"Feature","properties":{"provider":"SPK","code":"Blue Mesa","slug":"blue%20mesa","elevation":7519,"horizontal_datum":"WGS84","vertical_datum":"NGVD29","state":"CO","kind":"PROJECT","nearest_city":"Gunnison","public_name":"Blue Mesa Dam & Res","location_code":3966433044,"nidid":"","aliases":{"NIDID":"CO01675"}},
"geometry":{"type":"Point","coordinates":[-107.3342,38.4533]}},
{"type":"Feature","properties":{"provider":"SPK","code":"Boca","slug":"boca","elevation":5521,"horizontal_datum":"WGS84","vertical_datum":"NGVD29","state":"CA","kind":"PROJECT","nearest_city":"Truckee, CA","public_name":"Boca Dam","location_code":13746044,"nidid":"","aliases":{"NIDID":"CA10135"}},
"geometry":{"type":"Point","coordinates":[-120.1,39.383]}},
{"type":"Feature","properties":{"provider":"SPK","code":"Burns","slug":"burns","elevation":319,"horizontal_datum":"WGS84","vertical_datum":"NGVD29","state":"CA","kind":"PROJECT","nearest_city":"Atwater","public_name":"Burns Dam & Reservoir","location_code":12604044,"nidid":"","aliases":{"NIDID":"CA10103"}},
"geometry":{"type":"Point","coordinates":[-120.275,37.37667]}},
{"type":"Feature","properties":{"provider":"SPK","code":"Camanche","slug":"camanche","elevation":235.89,"horizontal_datum":"WGS84","vertical_datum":"NGVD29","state":"CA","kind":"PROJECT","nearest_city":"Lodi, CA","public_name":"Camanche Reservoir","location_code":7439044,"nidid":"","aliases":{"NIDID":"CA00173","SHEF Location ID":"CMN"}},
"geometry":{"type":"Point","coordinates":[-121.01667,38.2333]}},
{"type":"Feature","properties":{"provider":"SPK","code":"East Canyon","slug":"east%20canyon","elevation":5455,"horizontal_datum":"WGS84","vertical_datum":"NGVD29","state":"UT","kind":"PROJECT","nearest_city":"Bountiful","public_name":"East Canyon Dam & Reservoir","location_code":3968253044,"nidid":"","aliases":{"NIDID":"UT10119"}},
"geometry":{"type":"Point","coordinates":[-111.6009,40.9204]}},
{"type":"Feature","properties":{"provider":"SPK","code":"Eastman Lake","slug":"eastman%20lake","elevation":450,"horizontal_datum":"","vertical_datum":"NGVD29","state":"CA","kind":"PROJECT","nearest_city":"Raymond, CA","public_name":"Eastman Lake / Buchanan Dam","location_code":3981929044,"nidid":"","aliases":{"SPK Oldnames":"BUC BUC","NIDID":"CA10243"}},
"geometry":{"type":"Point","coordinates":[-119.98358,37.21733]}},
{"type":"Feature","properties":{"provider":"SPK","code":"Echo","slug":"echo","elevation":5450,"horizontal_datum":"WGS84","vertical_datum":"NGVD29","state":"UT","kind":"PROJECT","nearest_city":"","public_name":"Echo Dam & Res","location_code":3968255044,"nidid":"","aliases":{"NIDID":"UT10120"}},
"geometry":{"type":"Point","coordinates":[-111.431,40.9655]}},
{"type":"Feature","properties":{"provider":"SPK","code":"Englebright Lake","slug":"englebright%20lake","elevation":541.99,"horizontal_datum":"","vertical_datum":"NGVD29","state":"CA","kind":"PROJECT","nearest_city":"Smartsville, CA","public_name":"Englebright Lake","location_code":3980714044,"nidid":"","aliases":{"NIDID":"CA10105"}},
"geometry":{"type":"Point","coordinates":[-121.26667,39.23944]}},
{"type":"Feature","properties":{"provider":"SPK","code":"Farmington Dam","slug":"farmington%20dam","elevation":179.99,"horizontal_datum":"","vertical_datum":"NGVD29","state":"CA","kind":"PROJECT","nearest_city":"Oakdale","public_name":"Farmington Dam & Reservoir","location_code":3981004044,"nidid":"","aliases":{"NIDID":"CA10104"}},
"geometry":{"type":"Point","coordinates":[-120.935,37.915]}},
{"type":"Feature","properties":{"provider":"SPK","code":"Folsom Lake","slug":"folsom%20lake","elevation":466,"horizontal_datum":"WGS84","vertical_datum":"NGVD29","state":"CA","kind":"PROJECT","nearest_city":"Folsom","public_name":"Folsom Dam and Lake","location_code":4922044,"nidid":"","aliases":{"NIDID":"CA10148"}},
"geometry":{"type":"Point","coordinates":[-121.15,38.7]}},
{"type":"Feature","properties":{"provider":"SPK","code":"Friant Dam","slug":"friant%20dam","elevation":581,"horizontal_datum":"WGS84","vertical_datum":"NGVD29","state":"CA","kind":"PROJECT","nearest_city":"Clovis","public_name":"Friant Dam","location_code":9246044,"nidid":"","aliases":{"NIDID":"CA10154"}},
"geometry":{"type":"Point","coordinates":[-119.705,37.001]}},
{"type":"Feature","properties":{"provider":"SPK","code":"Hensley lake","slug":"hensley%20lake","elevation":581,"horizontal_datum":"WGS84","vertical_datum":"NGVD29","state":"CA","kind":"PROJECT","nearest_city":"Raymond, CA","public_name":"Hensley Lake / Hidden Dam","location_code":3981915044,"nidid":"","aliases":{"NIDID":"CA10244"}},
"geometry":{"type":"Point","coordinates":[-119.8875,37.10389]}},
{"type":"Feature","properties":{"provider":"SPK","code":"Indian Valley","slug":"indian%20valley","elevation":1501.97,"horizontal_datum":"WGS84","vertical_datum":"NGVD29","state":"CA","kind":"PROJECT","nearest_city":"Clear Lake","public_name":"Indian Valley Dam & Reservoir","location_code":13807044,"nidid":"","aliases":{"NIDID":"CA01107"}},
"geometry":{"type":"Point","coordinates":[-122.53333,39.08333]}},
{"type":"Feature","properties":{"provider":"SPK","code":"Lake Isabella","slug":"lake%20isabella","elevation":2448.5,"horizontal_datum":"WGS84","vertical_datum":"","state":"CA","kind":"PROJECT","nearest_city":"Bakersfield","public_name":"Isabella Lake","location_code":12183044,"nidid":"","aliases":{"NIDID":"CA10106"}},
"geometry":{"type":"Point","coordinates":[-118.47806,35.64611]}},
{"type":"Feature","properties":{"provider":"SPK","code":"Jordanelle","slug":"jordanelle","elevation":5886,"horizontal_datum":"WGS84","vertical_datum":"NGVD29","state":"UT","kind":"PROJECT","nearest_city":"Heber City","public_name":"Jordanelle Dam & Reservoir","location_code":3968258044,"nidid":"","aliases":{"NIDID":"UT10204"}},
"geometry":{"type":"Point","coordinates":[-111.4246,40.5978]}},
{"type":"Feature","properties":{"provider":"SPK","code":"Lake Kaweah","slug":"lake%20kaweah","elevation":250,"horizontal_datum":"WGS84","vertical_datum":"NGVD29","state":"CA","kind":"PROJECT","nearest_city":"Woodlake","public_name":"Lake Kaweah / Terminus Dam","location_code":12186044,"nidid":"","aliases":{"NIDID":"CA10114"}},
"geometry":{"type":"Point","coordinates":[-119.00194,36.41472]}},
{"type":"Feature","properties":{"provider":"SPK","code":"Oroville Dam","slug":"oroville%20dam","elevation":899.93,"horizontal_datum":"WGS84","vertical_datum":"NGVD29","state":"CA","kind":"PROJECT","nearest_city":"Oroville","public_name":"Lake Oroville & Dam","location_code":7296044,"nidid":"","aliases":{"NIDID":"CA00035"}},
"geometry":{"type":"Point","coordinates":[-121.48556,39.53889]}},
{"type":"Feature","properties":{"provider":"SPK","code":"Shasta","slug":"shasta","elevation":1066.93,"horizontal_datum":"WGS84","vertical_datum":"NGVD29","state":"CA","kind":"PROJECT","nearest_city":"Shasta Lake","public_name":"Lake Shasta & Dam","location_code":11347044,"nidid":"","aliases":{"NIDID":"CA10186"}},
"geometry":{"type":"Point","coordinates":[-122.4192,40.7186]}},
{"type":"Feature","properties":{"provider":"SPK","code":"Lemon","slug":"lemon","elevation":7952,"horizontal_datum":"WGS84","vertical_datum":"NGVD29","state":"CO","kind":"PROJECT","nearest_city":"Bondad","public_name":"Lemon Dam & Reservoir","location_code":3968263044,"nidid":"","aliases":{"NIDID":"CO01688"}},
"geometry":{"type":"Point","coordinates":[-107.65,37.39028]}},
{"type":"Feature","properties":{"provider":"SPK","code":"Little Dell","slug":"little%20dell","elevation":5798,"horizontal_datum":"WGS84","vertical_datum":"NGVD29","state":"UT","kind":"PROJECT","nearest_city":"","public_name":"Little Dell Dam & Lake","location_code":3968257044,"nidid":"","aliases":{"NIDID":"UT00755"}},
"geometry":{"type":"Point","coordinates":[-111.7033,40.77]}},
{"type":"Feature","properties":{"provider":"SPK","code":"Los Banos","slug":"los%20banos","elevation":350,"horizontal_datum":"WGS84","vertical_datum":"NGVD29","state":"CA","kind":"PROJECT","nearest_city":"Volta, CA","public_name":"Los Banos Reservoir","location_code":3981945044,"nidid":"","aliases":{"NIDID":"CA10167"}},
"geometry":{"type":"Point","coordinates":[-121.049,37.053]}},
{"type":"Feature","properties":{"provider":"SPK","code":"Lost Cr","slug":"lost%20cr","elevation":5835,"horizontal_datum":"WGS84","vertical_datum":"NGVD29","state":"UT","kind":"PROJECT","nearest_city":"Croydon, UT","public_name":"Lost Creek Reservoir","location_code":3982135044,"nidid":"","aliases":{"NIDID":"UT10125"}},
"geometry":{"type":"Point","coordinates":[-111.399,41.1842]}},
{"type":"Feature","properties":{"provider":"SPK","code":"Mariposa","slug":"mariposa","elevation":458.99,"horizontal_datum":"WGS84","vertical_datum":"NGVD29","state":"CA","kind":"PROJECT","nearest_city":"Le Grand, CA","public_name":"Mariposa Reservoir","location_code":3981827044,"nidid":"","aliases":{"NIDID":"CA10107"}},
"geometry":{"type":"Point","coordinates":[-120.14667,37.29333]}},
{"type":"Feature","properties":{"provider":"SPK","code":"Martis Creek","slug":"martis%20creek","elevation":5858.01,"horizontal_datum":"WGS84","vertical_datum":"NGVD29","state":"CA","kind":"PROJECT","nearest_city":"","public_name":"Martis Creek Dam","location_code":2067324044,"nidid":"","aliases":{"NIDID":"CA10108"}},
"geometry":{"type":"Point","coordinates":[-120.11333,39.32667]}},
{"type":"Feature","properties":{"provider":"SPK","code":"Mountain Dell","slug":"mountain%20dell","elevation":5410,"horizontal_datum":"WGS84","vertical_datum":"NGVD29","state":"UT","kind":"PROJECT","nearest_city":"Salt Lake City","public_name":"Mountain Dell Dam & Reservoir","location_code":3968322044,"nidid":"","aliases":{"NIDID":"UT00221"}},
"geometry":{"type":"Point","coordinates":[-111.7202,40.7505]}},
{"type":"Feature","properties":{"provider":"SPK","code":"New Bullards Bar","slug":"new%20bullards%20bar","elevation":1964.9,"horizontal_datum":"","vertical_datum":"NGVD29","state":"CA","kind":"PROJECT","nearest_city":"Dobbins","public_name":"New Bullards Bar Reservoir","location_code":580588044,"nidid":"","aliases":{"NIDID":"CA00863"}},
"geometry":{"type":"Point","coordinates":[-121.14,39.393]}},
{"type":"Feature","properties":{"provider":"SPK","code":"Don Pedro","slug":"don%20pedro","elevation":830,"horizontal_datum":"WGS84","vertical_datum":"NGVD29","state":"CA","kind":"PROJECT","nearest_city":"Modesto, CA","public_name":"New Don Pedro Reservoir","location_code":7286044,"nidid":"","aliases":{"NIDID":"CA00281","SHEF Location ID":"DNP"}},
"geometry":{"type":"Point","coordinates":[-120.42417,37.70278]}},
{"type":"Feature","properties":{"provider":"SPK","code":"New Exchequer","slug":"new%20exchequer","elevation":878.94,"horizontal_datum":"","vertical_datum":"NGVD29","state":"CA","kind":"PROJECT","nearest_city":"Snelling, CA","public_name":"New Exchequer Dam / Lake McClure","location_code":13543044,"nidid":"","aliases":{"SHEF Location ID":"NEX","NIDID":"CA00240"}},
"geometry":{"type":"Point","coordinates":[-120.2702,37.585]}},
{"type":"Feature","properties":{"provider":"SPK","code":"New Hogan","slug":"new%20hogan","elevation":725.07,"horizontal_datum":"WGS84","vertical_datum":"Local Datum 1","state":"CA","kind":"PROJECT","nearest_city":"Oakdale","public_name":"New Hogan Lake","location_code":3980992044,"nidid":"","aliases":{"NIDID":"CA10109"}},
"geometry":{"type":"Point","coordinates":[-120.80028,38.15361]}},
{"type":"Feature","properties":{"provider":"SPK","code":"New Melones","slug":"new%20melones","elevation":1135,"horizontal_datum":"","vertical_datum":"NGVD29","state":"CA","kind":"PROJECT","nearest_city":"","public_name":"New Melones Reservoir","location_code":11383044,"nidid":"","aliases":{"SHEF Location ID":"NWM2","NIDID":"CA10246"}},
"geometry":{"type":"Point","coordinates":[-120.524,37.9491]}},
{"type":"Feature","properties":{"provider":"SPK","code":"Owens","slug":"owens","elevation":364.01,"horizontal_datum":"WGS84","vertical_datum":"NGVD29","state":"CA","kind":"PROJECT","nearest_city":"Merced","public_name":"Owens Dam & Reservoir","location_code":12610044,"nidid":"","aliases":{"NIDID":"CA10111"}},
"geometry":{"type":"Point","coordinates":[-120.18597,37.31456]}},
{"type":"Feature","properties":{"provider":"SPK","code":"Paonia","slug":"paonia","elevation":6287,"horizontal_datum":"WGS84","vertical_datum":"NGVD29","state":"CO","kind":"PROJECT","nearest_city":"Somerset","public_name":"Paonia Dam & Reservoir","location_code":3964452044,"nidid":"","aliases":{"NIDID":"CO01691"}},
"geometry":{"type":"Point","coordinates":[-107.35167,38.94278]}},
{"type":"Feature","properties":{"provider":"SPK","code":"Pine Flat Lake","slug":"pine%20flat%20lake","elevation":541,"horizontal_datum":"WGS84","vertical_datum":"NGVD29","state":"CA","kind":"PROJECT","nearest_city":"Sanger","public_name":"Pine Flat Lake","location_code":6416044,"nidid":"","aliases":{"SHEF Location ID":"PNF","NIDID":"CA10112"}},
"geometry":{"type":"Point","coordinates":[-119.31393,36.85106]}},
{"type":"Feature","properties":{"provider":"SPK","code":"Pineview","slug":"pineview","elevation":4813,"horizontal_datum":"WGS84","vertical_datum":"NGVD29","state":"UT","kind":"PROJECT","nearest_city":"Ogden","public_name":"Pineview Dam & Reservoir","location_code":3968252044,"nidid":"","aliases":{"NIDID":"UT10132"}},
"geometry":{"type":"Point","coordinates":[-111.8422,41.2546]}},
{"type":"Feature","properties":{"provider":"SPK","code":"Prosser","slug":"prosser","elevation":5622,"horizontal_datum":"WGS84","vertical_datum":"NGVD29","state":"CA","kind":"PROJECT","nearest_city":"Truckee, CA","public_name":"Prosser Creek Dam","location_code":3981215044,"nidid":"","aliases":{"NIDID":"CA10179"}},
"geometry":{"type":"Point","coordinates":[-120.1367,39.3794]}},
{"type":"Feature","properties":{"provider":"SPK","code":"Red Fleet","slug":"red%20fleet","elevation":5483,"horizontal_datum":"WGS84","vertical_datum":"NGVD29","state":"UT","kind":"PROJECT","nearest_city":"Vernal","public_name":"Red Fleet Dam & Reservoir","location_code":3968259044,"nidid":"","aliases":{"NIDID":"UT82901"}},
"geometry":{"type":"Point","coordinates":[-109.43333,40.63333]}},
{"type":"Feature","properties":{"provider":"SPK","code":"Ridgway","slug":"ridgway","elevation":6680,"horizontal_datum":"WGS84","vertical_datum":"NGVD29","state":"CO","kind":"PROJECT","nearest_city":"Colona","public_name":"Ridgway Dam & Reservoir","location_code":3968261044,"nidid":"","aliases":{"NIDID":"CO02706"}},
"geometry":{"type":"Point","coordinates":[-107.75,38.23333]}},
{"type":"Feature","properties":{"provider":"SPK","code":"Success Lake","slug":"success%20lake","elevation":589.99,"horizontal_datum":"WGS84","vertical_datum":"NGVD29","state":"CA","kind":"PROJECT","nearest_city":"Porterville","public_name":"Schafer Dam / Success Lake","location_code":12185044,"nidid":"","aliases":{"NIDID":"CA10113"}},
"geometry":{"type":"Point","coordinates":[-118.92167,36.06111]}},
{"type":"Feature","properties":{"provider":"SPK","code":"Stampede","slug":"stampede","elevation":5956,"horizontal_datum":"WGS84","vertical_datum":"NGVD29","state":"CA","kind":"PROJECT","nearest_city":"Verdi, NV","public_name":"Stampede Dam & Reservoir","location_code":3981222044,"nidid":"","aliases":{"NIDID":"CA10192"}},
"geometry":{"type":"Point","coordinates":[-120.103,39.471]}},
{"type":"Feature","properties":{"provider":"SPK","code":"Starvation","slug":"starvation","elevation":5563,"horizontal_datum":"WGS84","vertical_datum":"NGVD29","state":"UT","kind":"PROJECT","nearest_city":"Duchesne","public_name":"Starvation Dam & Reservoir","location_code":3968260044,"nidid":"","aliases":{"NIDID":"UT10136"}},
"geometry":{"type":"Point","coordinates":[-110.38333,40.11667]}},
{"type":"Feature","properties":{"provider":"SPK","code":"Tulloch","slug":"tulloch","elevation":515,"horizontal_datum":"","vertical_datum":"NGVD29","state":"CA","kind":"PROJECT","nearest_city":"Oakdale","public_name":"Tulloch Dam & Reservoir","location_code":11404044,"nidid":"","aliases":{"NIDID":"CA00265"}},
"geometry":{"type":"Point","coordinates":[-120.603,37.8761]}},
{"type":"Feature","properties":{"provider":"SPK","code":"Vallecito","slug":"vallecito","elevation":7547,"horizontal_datum":"WGS84","vertical_datum":"NGVD29","state":"CO","kind":"PROJECT","nearest_city":"Bayfield","public_name":"Vallecito Dam & Reservoir","location_code":3968262044,"nidid":"","aliases":{"NIDID":"CO01695"}},
"geometry":{"type":"Point","coordinates":[-107.58056,37.38333]}},
{"type":"Feature","properties":{"provider":"SPK","code":"Rockport","slug":"rockport","elevation":5899,"horizontal_datum":"WGS84","vertical_datum":"NGVD29","state":"UT","kind":"PROJECT","nearest_city":"Wanship","public_name":"Wanship Dam & Rockport Lake","location_code":3968256044,"nidid":"","aliases":{"NIDID":"UT10131"}},
"geometry":{"type":"Point","coordinates":[-111.4053,40.7884]}}
]}